case,structure,runs,median_ns,p95_ns,p99_ns,min_ns,max_ns,mad_ns,median_ci_low_ns,median_ci_high_ns,metadata_bytes,bytes_per_managed_mib,checksum,overlay_reserved_bytes,overlay_rss_median_bytes,overlay_private_median_bytes,overlay_shared_median_bytes,memory_category
random-d100-r256-rs21-gs12,cached_radix,15,7.5329,7.85671,8.084462,7.1467,8.1414,0.18179999999999996,7.3911,7.7193,17834240,34832.5,0xb7a9108205ed60d6,1056768,1048576,1048576,0,page_accounted_backing
random-d100-r256-rs21-gs12,flat,15,3.0015,4.502969999999998,5.361393999999998,2.8512,5.576,0.0754999999999999,2.9325,3.0425,1052672,2056.0,0xb7a9108205ed60d6,1056768,1048576,1048576,0,page_accounted_backing
random-d100-r256-rs21-gs12,flat_assume_mapped,15,2.8917,4.16271,4.413982,2.7201,4.4768,0.12970000000000015,2.762,3.2207,1052672,2056.0,0xb7a9108205ed60d6,1056768,1048576,1048576,0,page_accounted_backing
random-d100-r256-rs21-gs12,memx_bounded,15,4.8595,5.25256,5.548352,4.6047,5.6223,0.13919999999999977,4.7066,4.9759,1056768,2064.0,0xb7a9108205ed60d6,1056768,1048576,1048576,0,page_accounted_backing
random-d100-r256-rs21-gs12,memx_bounded_assume_mapped,15,3.7208,4.381279999999999,4.602256,3.5135,4.6575,0.11459999999999981,3.6376,3.8354,1056768,2064.0,0xb7a9108205ed60d6,1056768,1048576,1048576,0,page_accounted_backing
random-d100-r256-rs21-gs12,memx_bounded_branchless,15,4.809,5.457139999999999,5.758868,4.4813,5.8343,0.17710000000000026,4.6319,4.9048,1056776,2064.02,0xb7a9108205ed60d6,1056768,1048576,1048576,0,page_accounted_backing
random-d100-r256-rs21-gs12,memx_bounded_trusted,15,3.5934,3.9393999999999996,4.11244,3.391,4.1557,0.10030000000000028,3.4731,3.6729,1056768,2064.0,0xb7a9108205ed60d6,1056768,1048576,1048576,0,page_accounted_backing
random-d100-r256-rs21-gs12,memx_flat_fallback,15,2.8175,3.2717199999999997,3.404664,2.6663,3.4379,0.08440000000000003,2.7214,2.8734,1052672,2056.0,0xb7a9108205ed60d6,1056768,1048576,1048576,0,page_accounted_backing
random-d100-r256-rs21-gs12,memx_overlay_checked,15,5.0196,5.55701,5.712522,4.8072,5.7514,0.09260000000000002,4.929,5.2024,1056768,2064.0,0xb7a9108205ed60d6,1056768,1048576,1048576,0,page_accounted_backing
random-d100-r256-rs21-gs12,memx_overlay_trusted,15,3.3389,4.544319999999997,5.642143999999999,3.1316,5.9166,0.15420000000000034,3.1934,3.5698,1056768,2064.0,0xb7a9108205ed60d6,1056768,1048576,1048576,0,page_accounted_backing
random-d100-r256-rs21-gs12,memx_sparse,15,6.1192,8.297729999999998,9.834425999999999,5.7992,10.2186,0.09659999999999958,6.0295,6.2505,1249280,2440.0,0xb7a9108205ed60d6,1056768,1048576,1048576,0,page_accounted_backing
random-d100-r256-rs21-gs12,radix,15,6.5225,6.887409999999999,6.972922,6.3453,6.9943,0.10390000000000033,6.4186,6.6042,17833984,34832.0,0xb7a9108205ed60d6,1056768,1048576,1048576,0,page_accounted_backing
random-d100-r256-rs21-gs12,two_level,15,4.0361,4.79777,5.240673999999999,3.7618,5.3514,0.0940000000000003,3.9421,4.1141,2105344,4112.0,0xb7a9108205ed60d6,1056768,1048576,1048576,0,page_accounted_backing
uniform-d0-r256-rs21-gs12,cached_radix,15,7.5708,8.30187,8.317494,7.152,8.3214,0.3174000000000001,7.2534,8.2283,17834240,34832.5,0x9db2929b7fb88c91,1056768,0,0,0,page_accounted_backing
uniform-d0-r256-rs21-gs12,flat,15,2.9368,3.5398299999999994,3.796366,2.8063,3.8605,0.07089999999999996,2.8799,3.0432,1052672,2056.0,0x9db2929b7fb88c91,1056768,0,0,0,page_accounted_backing
uniform-d0-r256-rs21-gs12,flat_assume_mapped,15,2.8527,3.0979,3.10854,2.7242,3.1112,0.07569999999999988,2.8133,3.0384,1052672,2056.0,0x9db2929b7fb88c91,1056768,0,0,0,page_accounted_backing
uniform-d0-r256-rs21-gs12,memx_bounded,15,4.0433,4.4081,4.42714,3.8845,4.4319,0.13670000000000027,3.9588,4.1967,8192,16.0,0x9db2929b7fb88c91,1056768,0,0,0,page_accounted_backing
uniform-d0-r256-rs21-gs12,memx_bounded_assume_mapped,15,2.199,2.3384799999999997,2.4418559999999996,2.0785,2.4677,0.06009999999999982,2.1201,2.254,8192,16.0,0x9db2929b7fb88c91,1056768,0,0,0,page_accounted_backing
uniform-d0-r256-rs21-gs12,memx_bounded_branchless,15,2.9138,3.35149,3.374618,2.8227,3.3804,0.06529999999999969,2.8849,3.0283,8200,16.02,0x9db2929b7fb88c91,1056768,0,0,0,page_accounted_backing
uniform-d0-r256-rs21-gs12,memx_bounded_trusted,15,2.1525,2.21834,2.2210279999999996,2.021,2.2217,0.04220000000000024,2.0781,2.1829,8192,16.0,0x9db2929b7fb88c91,1056768,0,0,0,page_accounted_backing
uniform-d0-r256-rs21-gs12,memx_overlay_checked,15,4.0419,4.3326899999999995,4.695178,3.874,4.7858,0.08720000000000017,3.9441,4.0962,8192,16.0,0x9db2929b7fb88c91,1056768,0,0,0,page_accounted_backing
uniform-d0-r256-rs21-gs12,memx_overlay_trusted,15,2.1488,2.47388,2.6304559999999997,2.0395,2.6696,0.042300000000000004,2.0788,2.1911,8192,16.0,0x9db2929b7fb88c91,1056768,0,0,0,page_accounted_backing
uniform-d0-r256-rs21-gs12,memx_sparse,15,5.6754,6.097169999999998,6.342954,5.5087,6.4044,0.12329999999999952,5.5521,5.8825,200704,392.0,0x9db2929b7fb88c91,1056768,0,0,0,page_accounted_backing
uniform-d0-r256-rs21-gs12,radix,15,6.5211,7.03561,7.104322,6.2333,7.1215,0.1980000000000004,6.3035,6.7191,17833984,34832.0,0x9db2929b7fb88c91,1056768,0,0,0,page_accounted_backing
uniform-d0-r256-rs21-gs12,two_level,15,3.9008,4.9908699999999975,6.302893999999998,3.7442,6.6309,0.06399999999999961,3.8727,3.9849,2105344,4112.0,0x9db2929b7fb88c91,1056768,0,0,0,page_accounted_backing
