case,repetition,structure,ns_per_lookup,metadata_bytes,bytes_per_managed_mib,checksum,elapsed_seconds,overlay_reserved_bytes,overlay_rss_bytes,overlay_private_bytes,overlay_shared_bytes,memory_category
random-d100-r256-rs21-gs12,0,flat,3.0015,1052672,2056.0,0xb7a9108205ed60d6,0.38930511500075227,1056768,1048576,1048576,0,page_accounted_backing
random-d100-r256-rs21-gs12,0,flat_assume_mapped,2.9094,1052672,2056.0,0xb7a9108205ed60d6,0.38930511500075227,1056768,1048576,1048576,0,page_accounted_backing
random-d100-r256-rs21-gs12,0,two_level,4.0558,2105344,4112.0,0xb7a9108205ed60d6,0.38930511500075227,1056768,1048576,1048576,0,page_accounted_backing
random-d100-r256-rs21-gs12,0,radix,6.5956,17833984,34832.0,0xb7a9108205ed60d6,0.38930511500075227,1056768,1048576,1048576,0,page_accounted_backing
random-d100-r256-rs21-gs12,0,cached_radix,7.7239,17834240,34832.5,0xb7a9108205ed60d6,0.38930511500075227,1056768,1048576,1048576,0,page_accounted_backing
random-d100-r256-rs21-gs12,0,memx_bounded,4.8767,1056768,2064.0,0xb7a9108205ed60d6,0.38930511500075227,1056768,1048576,1048576,0,page_accounted_backing
random-d100-r256-rs21-gs12,0,memx_bounded_assume_mapped,3.6968,1056768,2064.0,0xb7a9108205ed60d6,0.38930511500075227,1056768,1048576,1048576,0,page_accounted_backing
random-d100-r256-rs21-gs12,0,memx_bounded_trusted,3.5934,1056768,2064.0,0xb7a9108205ed60d6,0.38930511500075227,1056768,1048576,1048576,0,page_accounted_backing
random-d100-r256-rs21-gs12,0,memx_bounded_branchless,5.8343,1056776,2064.02,0xb7a9108205ed60d6,0.38930511500075227,1056768,1048576,1048576,0,page_accounted_backing
random-d100-r256-rs21-gs12,0,memx_overlay_checked,5.7514,1056768,2064.0,0xb7a9108205ed60d6,0.38930511500075227,1056768,1048576,1048576,0,page_accounted_backing
random-d100-r256-rs21-gs12,0,memx_overlay_trusted,3.9562,1056768,2064.0,0xb7a9108205ed60d6,0.38930511500075227,1056768,1048576,1048576,0,page_accounted_backing
random-d100-r256-rs21-gs12,0,memx_sparse,7.4745,1249280,2440.0,0xb7a9108205ed60d6,0.38930511500075227,1056768,1048576,1048576,0,page_accounted_backing
random-d100-r256-rs21-gs12,0,memx_flat_fallback,2.8256,1052672,2056.0,0xb7a9108205ed60d6,0.38930511500075227,1056768,1048576,1048576,0,page_accounted_backing
uniform-d0-r256-rs21-gs12,0,flat,3.1423,1052672,2056.0,0x9db2929b7fb88c91,0.3072807760036085,1056768,0,0,0,page_accounted_backing
uniform-d0-r256-rs21-gs12,0,flat_assume_mapped,2.847,1052672,2056.0,0x9db2929b7fb88c91,0.3072807760036085,1056768,0,0,0,page_accounted_backing
uniform-d0-r256-rs21-gs12,0,two_level,3.8727,2105344,4112.0,0x9db2929b7fb88c91,0.3072807760036085,1056768,0,0,0,page_accounted_backing
uniform-d0-r256-rs21-gs12,0,radix,6.491,17833984,34832.0,0x9db2929b7fb88c91,0.3072807760036085,1056768,0,0,0,page_accounted_backing
uniform-d0-r256-rs21-gs12,0,cached_radix,8.2935,17834240,34832.5,0x9db2929b7fb88c91,0.3072807760036085,1056768,0,0,0,page_accounted_backing
uniform-d0-r256-rs21-gs12,0,memx_bounded,4.0278,8192,16.0,0x9db2929b7fb88c91,0.3072807760036085,1056768,0,0,0,page_accounted_backing
uniform-d0-r256-rs21-gs12,0,memx_bounded_assume_mapped,2.2044,8192,16.0,0x9db2929b7fb88c91,0.3072807760036085,1056768,0,0,0,page_accounted_backing
uniform-d0-r256-rs21-gs12,0,memx_bounded_trusted,2.1949,8192,16.0,0x9db2929b7fb88c91,0.3072807760036085,1056768,0,0,0,page_accounted_backing
uniform-d0-r256-rs21-gs12,0,memx_bounded_branchless,3.0283,8200,16.02,0x9db2929b7fb88c91,0.3072807760036085,1056768,0,0,0,page_accounted_backing
uniform-d0-r256-rs21-gs12,0,memx_overlay_checked,4.1291,8192,16.0,0x9db2929b7fb88c91,0.3072807760036085,1056768,0,0,0,page_accounted_backing
uniform-d0-r256-rs21-gs12,0,memx_overlay_trusted,2.39,8192,16.0,0x9db2929b7fb88c91,0.3072807760036085,1056768,0,0,0,page_accounted_backing
uniform-d0-r256-rs21-gs12,0,memx_sparse,5.6943,200704,392.0,0x9db2929b7fb88c91,0.3072807760036085,1056768,0,0,0,page_accounted_backing
random-d100-r256-rs21-gs12,1,flat,3.0425,1052672,2056.0,0xb7a9108205ed60d6,0.3686111700008041,1056768,1048576,1048576,0,page_accounted_backing
random-d100-r256-rs21-gs12,1,flat_assume_mapped,2.8575,1052672,2056.0,0xb7a9108205ed60d6,0.3686111700008041,1056768,1048576,1048576,0,page_accounted_backing
random-d100-r256-rs21-gs12,1,two_level,3.8521,2105344,4112.0,0xb7a9108205ed60d6,0.3686111700008041,1056768,1048576,1048576,0,page_accounted_backing
random-d100-r256-rs21-gs12,1,radix,6.3453,17833984,34832.0,0xb7a9108205ed60d6,0.3686111700008041,1056768,1048576,1048576,0,page_accounted_backing
random-d100-r256-rs21-gs12,1,cached_radix,7.7193,17834240,34832.5,0xb7a9108205ed60d6,0.3686111700008041,1056768,1048576,1048576,0,page_accounted_backing
random-d100-r256-rs21-gs12,1,memx_bounded,4.7066,1056768,2064.0,0xb7a9108205ed60d6,0.3686111700008041,1056768,1048576,1048576,0,page_accounted_backing
random-d100-r256-rs21-gs12,1,memx_bounded_assume_mapped,3.6376,1056768,2064.0,0xb7a9108205ed60d6,0.3686111700008041,1056768,1048576,1048576,0,page_accounted_backing
random-d100-r256-rs21-gs12,1,memx_bounded_trusted,3.8467,1056768,2064.0,0xb7a9108205ed60d6,0.3686111700008041,1056768,1048576,1048576,0,page_accounted_backing
random-d100-r256-rs21-gs12,1,memx_bounded_branchless,4.9048,1056776,2064.02,0xb7a9108205ed60d6,0.3686111700008041,1056768,1048576,1048576,0,page_accounted_backing
random-d100-r256-rs21-gs12,1,memx_overlay_checked,4.9891,1056768,2064.0,0xb7a9108205ed60d6,0.3686111700008041,1056768,1048576,1048576,0,page_accounted_backing
random-d100-r256-rs21-gs12,1,memx_overlay_trusted,3.3004,1056768,2064.0,0xb7a9108205ed60d6,0.3686111700008041,1056768,1048576,1048576,0,page_accounted_backing
random-d100-r256-rs21-gs12,1,memx_sparse,6.093,1249280,2440.0,0xb7a9108205ed60d6,0.3686111700008041,1056768,1048576,1048576,0,page_accounted_backing
random-d100-r256-rs21-gs12,1,memx_flat_fallback,3.2005,1052672,2056.0,0xb7a9108205ed60d6,0.3686111700008041,1056768,1048576,1048576,0,page_accounted_backing
uniform-d0-r256-rs21-gs12,1,flat,2.8799,1052672,2056.0,0x9db2929b7fb88c91,0.2982093249956961,1056768,0,0,0,page_accounted_backing
uniform-d0-r256-rs21-gs12,1,flat_assume_mapped,2.8698,1052672,2056.0,0x9db2929b7fb88c91,0.2982093249956961,1056768,0,0,0,page_accounted_backing
uniform-d0-r256-rs21-gs12,1,two_level,3.9548,2105344,4112.0,0x9db2929b7fb88c91,0.2982093249956961,1056768,0,0,0,page_accounted_backing
uniform-d0-r256-rs21-gs12,1,radix,6.5211,17833984,34832.0,0x9db2929b7fb88c91,0.2982093249956961,1056768,0,0,0,page_accounted_backing
uniform-d0-r256-rs21-gs12,1,cached_radix,7.1972,17834240,34832.5,0x9db2929b7fb88c91,0.2982093249956961,1056768,0,0,0,page_accounted_backing
uniform-d0-r256-rs21-gs12,1,memx_bounded,4.1967,8192,16.0,0x9db2929b7fb88c91,0.2982093249956961,1056768,0,0,0,page_accounted_backing
uniform-d0-r256-rs21-gs12,1,memx_bounded_assume_mapped,2.2313,8192,16.0,0x9db2929b7fb88c91,0.2982093249956961,1056768,0,0,0,page_accounted_backing
uniform-d0-r256-rs21-gs12,1,memx_bounded_trusted,2.1947,8192,16.0,0x9db2929b7fb88c91,0.2982093249956961,1056768,0,0,0,page_accounted_backing
uniform-d0-r256-rs21-gs12,1,memx_bounded_branchless,2.9476,8200,16.02,0x9db2929b7fb88c91,0.2982093249956961,1056768,0,0,0,page_accounted_backing
uniform-d0-r256-rs21-gs12,1,memx_overlay_checked,3.9048,8192,16.0,0x9db2929b7fb88c91,0.2982093249956961,1056768,0,0,0,page_accounted_backing
uniform-d0-r256-rs21-gs12,1,memx_overlay_trusted,2.0777,8192,16.0,0x9db2929b7fb88c91,0.2982093249956961,1056768,0,0,0,page_accounted_backing
uniform-d0-r256-rs21-gs12,1,memx_sparse,5.7521,200704,392.0,0x9db2929b7fb88c91,0.2982093249956961,1056768,0,0,0,page_accounted_backing
uniform-d0-r256-rs21-gs12,2,flat,2.9253,1052672,2056.0,0x9db2929b7fb88c91,0.2980827209976269,1056768,0,0,0,page_accounted_backing
uniform-d0-r256-rs21-gs12,2,flat_assume_mapped,3.0384,1052672,2056.0,0x9db2929b7fb88c91,0.2980827209976269,1056768,0,0,0,page_accounted_backing
uniform-d0-r256-rs21-gs12,2,two_level,3.8531,2105344,4112.0,0x9db2929b7fb88c91,0.2980827209976269,1056768,0,0,0,page_accounted_backing
uniform-d0-r256-rs21-gs12,2,radix,6.2647,17833984,34832.0,0x9db2929b7fb88c91,0.2980827209976269,1056768,0,0,0,page_accounted_backing
uniform-d0-r256-rs21-gs12,2,cached_radix,7.3523,17834240,34832.5,0x9db2929b7fb88c91,0.2980827209976269,1056768,0,0,0,page_accounted_backing
uniform-d0-r256-rs21-gs12,2,memx_bounded,4.3178,8192,16.0,0x9db2929b7fb88c91,0.2980827209976269,1056768,0,0,0,page_accounted_backing
uniform-d0-r256-rs21-gs12,2,memx_bounded_assume_mapped,2.1607,8192,16.0,0x9db2929b7fb88c91,0.2980827209976269,1056768,0,0,0,page_accounted_backing
uniform-d0-r256-rs21-gs12,2,memx_bounded_trusted,2.1392,8192,16.0,0x9db2929b7fb88c91,0.2980827209976269,1056768,0,0,0,page_accounted_backing
uniform-d0-r256-rs21-gs12,2,memx_bounded_branchless,2.9199,8200,16.02,0x9db2929b7fb88c91,0.2980827209976269,1056768,0,0,0,page_accounted_backing
uniform-d0-r256-rs21-gs12,2,memx_overlay_checked,4.029,8192,16.0,0x9db2929b7fb88c91,0.2980827209976269,1056768,0,0,0,page_accounted_backing
uniform-d0-r256-rs21-gs12,2,memx_overlay_trusted,2.1404,8192,16.0,0x9db2929b7fb88c91,0.2980827209976269,1056768,0,0,0,page_accounted_backing
uniform-d0-r256-rs21-gs12,2,memx_sparse,5.7531,200704,392.0,0x9db2929b7fb88c91,0.2980827209976269,1056768,0,0,0,page_accounted_backing
random-d100-r256-rs21-gs12,2,flat,3.8548,1052672,2056.0,0xb7a9108205ed60d6,0.3699186220037518,1056768,1048576,1048576,0,page_accounted_backing
random-d100-r256-rs21-gs12,2,flat_assume_mapped,2.928,1052672,2056.0,0xb7a9108205ed60d6,0.3699186220037518,1056768,1048576,1048576,0,page_accounted_backing
random-d100-r256-rs21-gs12,2,two_level,4.0361,2105344,4112.0,0xb7a9108205ed60d6,0.3699186220037518,1056768,1048576,1048576,0,page_accounted_backing
random-d100-r256-rs21-gs12,2,radix,6.4059,17833984,34832.0,0xb7a9108205ed60d6,0.3699186220037518,1056768,1048576,1048576,0,page_accounted_backing
random-d100-r256-rs21-gs12,2,cached_radix,7.6704,17834240,34832.5,0xb7a9108205ed60d6,0.3699186220037518,1056768,1048576,1048576,0,page_accounted_backing
random-d100-r256-rs21-gs12,2,memx_bounded,4.8595,1056768,2064.0,0xb7a9108205ed60d6,0.3699186220037518,1056768,1048576,1048576,0,page_accounted_backing
random-d100-r256-rs21-gs12,2,memx_bounded_assume_mapped,3.5597,1056768,2064.0,0xb7a9108205ed60d6,0.3699186220037518,1056768,1048576,1048576,0,page_accounted_backing
random-d100-r256-rs21-gs12,2,memx_bounded_trusted,3.391,1056768,2064.0,0xb7a9108205ed60d6,0.3699186220037518,1056768,1048576,1048576,0,page_accounted_backing
random-d100-r256-rs21-gs12,2,memx_bounded_branchless,4.8267,1056776,2064.02,0xb7a9108205ed60d6,0.3699186220037518,1056768,1048576,1048576,0,page_accounted_backing
random-d100-r256-rs21-gs12,2,memx_overlay_checked,5.3375,1056768,2064.0,0xb7a9108205ed60d6,0.3699186220037518,1056768,1048576,1048576,0,page_accounted_backing
random-d100-r256-rs21-gs12,2,memx_overlay_trusted,3.2792,1056768,2064.0,0xb7a9108205ed60d6,0.3699186220037518,1056768,1048576,1048576,0,page_accounted_backing
random-d100-r256-rs21-gs12,2,memx_sparse,5.9641,1249280,2440.0,0xb7a9108205ed60d6,0.3699186220037518,1056768,1048576,1048576,0,page_accounted_backing
random-d100-r256-rs21-gs12,2,memx_flat_fallback,2.8276,1052672,2056.0,0xb7a9108205ed60d6,0.3699186220037518,1056768,1048576,1048576,0,page_accounted_backing
random-d100-r256-rs21-gs12,3,flat,3.0113,1052672,2056.0,0xb7a9108205ed60d6,0.36464095499832183,1056768,1048576,1048576,0,page_accounted_backing
random-d100-r256-rs21-gs12,3,flat_assume_mapped,2.8162,1052672,2056.0,0xb7a9108205ed60d6,0.36464095499832183,1056768,1048576,1048576,0,page_accounted_backing
random-d100-r256-rs21-gs12,3,two_level,4.0573,2105344,4112.0,0xb7a9108205ed60d6,0.36464095499832183,1056768,1048576,1048576,0,page_accounted_backing
random-d100-r256-rs21-gs12,3,radix,6.6042,17833984,34832.0,0xb7a9108205ed60d6,0.36464095499832183,1056768,1048576,1048576,0,page_accounted_backing
random-d100-r256-rs21-gs12,3,cached_radix,7.4431,17834240,34832.5,0xb7a9108205ed60d6,0.36464095499832183,1056768,1048576,1048576,0,page_accounted_backing
random-d100-r256-rs21-gs12,3,memx_bounded,4.7203,1056768,2064.0,0xb7a9108205ed60d6,0.36464095499832183,1056768,1048576,1048576,0,page_accounted_backing
random-d100-r256-rs21-gs12,3,memx_bounded_assume_mapped,3.8354,1056768,2064.0,0xb7a9108205ed60d6,0.36464095499832183,1056768,1048576,1048576,0,page_accounted_backing
random-d100-r256-rs21-gs12,3,memx_bounded_trusted,3.6729,1056768,2064.0,0xb7a9108205ed60d6,0.36464095499832183,1056768,1048576,1048576,0,page_accounted_backing
random-d100-r256-rs21-gs12,3,memx_bounded_branchless,4.6319,1056776,2064.02,0xb7a9108205ed60d6,0.36464095499832183,1056768,1048576,1048576,0,page_accounted_backing
random-d100-r256-rs21-gs12,3,memx_overlay_checked,4.9455,1056768,2064.0,0xb7a9108205ed60d6,0.36464095499832183,1056768,1048576,1048576,0,page_accounted_backing
random-d100-r256-rs21-gs12,3,memx_overlay_trusted,3.3972,1056768,2064.0,0xb7a9108205ed60d6,0.36464095499832183,1056768,1048576,1048576,0,page_accounted_backing
random-d100-r256-rs21-gs12,3,memx_sparse,6.1319,1249280,2440.0,0xb7a9108205ed60d6,0.36464095499832183,1056768,1048576,1048576,0,page_accounted_backing
random-d100-r256-rs21-gs12,3,memx_flat_fallback,2.6784,1052672,2056.0,0xb7a9108205ed60d6,0.36464095499832183,1056768,1048576,1048576,0,page_accounted_backing
uniform-d0-r256-rs21-gs12,3,flat,2.885,1052672,2056.0,0x9db2929b7fb88c91,0.2973447680051322,1056768,0,0,0,page_accounted_backing
uniform-d0-r256-rs21-gs12,3,flat_assume_mapped,2.7242,1052672,2056.0,0x9db2929b7fb88c91,0.2973447680051322,1056768,0,0,0,page_accounted_backing
uniform-d0-r256-rs21-gs12,3,two_level,3.7442,2105344,4112.0,0x9db2929b7fb88c91,0.2973447680051322,1056768,0,0,0,page_accounted_backing
uniform-d0-r256-rs21-gs12,3,radix,6.4125,17833984,34832.0,0x9db2929b7fb88c91,0.2973447680051322,1056768,0,0,0,page_accounted_backing
uniform-d0-r256-rs21-gs12,3,cached_radix,7.5522,17834240,34832.5,0x9db2929b7fb88c91,0.2973447680051322,1056768,0,0,0,page_accounted_backing
uniform-d0-r256-rs21-gs12,3,memx_bounded,3.9549,8192,16.0,0x9db2929b7fb88c91,0.2973447680051322,1056768,0,0,0,page_accounted_backing
uniform-d0-r256-rs21-gs12,3,memx_bounded_assume_mapped,2.254,8192,16.0,0x9db2929b7fb88c91,0.2973447680051322,1056768,0,0,0,page_accounted_backing
uniform-d0-r256-rs21-gs12,3,memx_bounded_trusted,2.1525,8192,16.0,0x9db2929b7fb88c91,0.2973447680051322,1056768,0,0,0,page_accounted_backing
uniform-d0-r256-rs21-gs12,3,memx_bounded_branchless,2.9107,8200,16.02,0x9db2929b7fb88c91,0.2973447680051322,1056768,0,0,0,page_accounted_backing
uniform-d0-r256-rs21-gs12,3,memx_overlay_checked,4.1353,8192,16.0,0x9db2929b7fb88c91,0.2973447680051322,1056768,0,0,0,page_accounted_backing
uniform-d0-r256-rs21-gs12,3,memx_overlay_trusted,2.1085,8192,16.0,0x9db2929b7fb88c91,0.2973447680051322,1056768,0,0,0,page_accounted_backing
uniform-d0-r256-rs21-gs12,3,memx_sparse,5.6161,200704,392.0,0x9db2929b7fb88c91,0.2973447680051322,1056768,0,0,0,page_accounted_backing
uniform-d0-r256-rs21-gs12,4,flat,3.1199,1052672,2056.0,0x9db2929b7fb88c91,0.3009637590002967,1056768,0,0,0,page_accounted_backing
uniform-d0-r256-rs21-gs12,4,flat_assume_mapped,2.8133,1052672,2056.0,0x9db2929b7fb88c91,0.3009637590002967,1056768,0,0,0,page_accounted_backing
uniform-d0-r256-rs21-gs12,4,two_level,3.8961,2105344,4112.0,0x9db2929b7fb88c91,0.3009637590002967,1056768,0,0,0,page_accounted_backing
uniform-d0-r256-rs21-gs12,4,radix,6.3448,17833984,34832.0,0x9db2929b7fb88c91,0.3009637590002967,1056768,0,0,0,page_accounted_backing
uniform-d0-r256-rs21-gs12,4,cached_radix,7.5708,17834240,34832.5,0x9db2929b7fb88c91,0.3009637590002967,1056768,0,0,0,page_accounted_backing
uniform-d0-r256-rs21-gs12,4,memx_bounded,3.8965,8192,16.0,0x9db2929b7fb88c91,0.3009637590002967,1056768,0,0,0,page_accounted_backing
uniform-d0-r256-rs21-gs12,4,memx_bounded_assume_mapped,2.0785,8192,16.0,0x9db2929b7fb88c91,0.3009637590002967,1056768,0,0,0,page_accounted_backing
uniform-d0-r256-rs21-gs12,4,memx_bounded_trusted,2.0613,8192,16.0,0x9db2929b7fb88c91,0.3009637590002967,1056768,0,0,0,page_accounted_backing
uniform-d0-r256-rs21-gs12,4,memx_bounded_branchless,2.9124,8200,16.02,0x9db2929b7fb88c91,0.3009637590002967,1056768,0,0,0,page_accounted_backing
uniform-d0-r256-rs21-gs12,4,memx_overlay_checked,4.7858,8192,16.0,0x9db2929b7fb88c91,0.3009637590002967,1056768,0,0,0,page_accounted_backing
uniform-d0-r256-rs21-gs12,4,memx_overlay_trusted,2.1844,8192,16.0,0x9db2929b7fb88c91,0.3009637590002967,1056768,0,0,0,page_accounted_backing
uniform-d0-r256-rs21-gs12,4,memx_sparse,5.5292,200704,392.0,0x9db2929b7fb88c91,0.3009637590002967,1056768,0,0,0,page_accounted_backing
random-d100-r256-rs21-gs12,4,flat,2.926,1052672,2056.0,0xb7a9108205ed60d6,0.41226658599771326,1056768,1048576,1048576,0,page_accounted_backing
random-d100-r256-rs21-gs12,4,flat_assume_mapped,2.8239,1052672,2056.0,0xb7a9108205ed60d6,0.41226658599771326,1056768,1048576,1048576,0,page_accounted_backing
random-d100-r256-rs21-gs12,4,two_level,3.9421,2105344,4112.0,0xb7a9108205ed60d6,0.41226658599771326,1056768,1048576,1048576,0,page_accounted_backing
random-d100-r256-rs21-gs12,4,radix,6.5536,17833984,34832.0,0xb7a9108205ed60d6,0.41226658599771326,1056768,1048576,1048576,0,page_accounted_backing
random-d100-r256-rs21-gs12,4,cached_radix,7.4543,17834240,34832.5,0xb7a9108205ed60d6,0.41226658599771326,1056768,1048576,1048576,0,page_accounted_backing
random-d100-r256-rs21-gs12,4,memx_bounded,4.6711,1056768,2064.0,0xb7a9108205ed60d6,0.41226658599771326,1056768,1048576,1048576,0,page_accounted_backing
random-d100-r256-rs21-gs12,4,memx_bounded_assume_mapped,4.6575,1056768,2064.0,0xb7a9108205ed60d6,0.41226658599771326,1056768,1048576,1048576,0,page_accounted_backing
random-d100-r256-rs21-gs12,4,memx_bounded_trusted,4.1557,1056768,2064.0,0xb7a9108205ed60d6,0.41226658599771326,1056768,1048576,1048576,0,page_accounted_backing
random-d100-r256-rs21-gs12,4,memx_bounded_branchless,5.2955,1056776,2064.02,0xb7a9108205ed60d6,0.41226658599771326,1056768,1048576,1048576,0,page_accounted_backing
random-d100-r256-rs21-gs12,4,memx_overlay_checked,5.1283,1056768,2064.0,0xb7a9108205ed60d6,0.41226658599771326,1056768,1048576,1048576,0,page_accounted_backing
random-d100-r256-rs21-gs12,4,memx_overlay_trusted,5.9166,1056768,2064.0,0xb7a9108205ed60d6,0.41226658599771326,1056768,1048576,1048576,0,page_accounted_backing
random-d100-r256-rs21-gs12,4,memx_sparse,10.2186,1249280,2440.0,0xb7a9108205ed60d6,0.41226658599771326,1056768,1048576,1048576,0,page_accounted_backing
random-d100-r256-rs21-gs12,4,memx_flat_fallback,3.4379,1052672,2056.0,0xb7a9108205ed60d6,0.41226658599771326,1056768,1048576,1048576,0,page_accounted_backing
random-d100-r256-rs21-gs12,5,flat,2.8512,1052672,2056.0,0xb7a9108205ed60d6,0.3515296429977752,1056768,1048576,1048576,0,page_accounted_backing
random-d100-r256-rs21-gs12,5,flat_assume_mapped,2.7211,1052672,2056.0,0xb7a9108205ed60d6,0.3515296429977752,1056768,1048576,1048576,0,page_accounted_backing
random-d100-r256-rs21-gs12,5,two_level,3.7618,2105344,4112.0,0xb7a9108205ed60d6,0.3515296429977752,1056768,1048576,1048576,0,page_accounted_backing
random-d100-r256-rs21-gs12,5,radix,6.3767,17833984,34832.0,0xb7a9108205ed60d6,0.3515296429977752,1056768,1048576,1048576,0,page_accounted_backing
random-d100-r256-rs21-gs12,5,cached_radix,7.1741,17834240,34832.5,0xb7a9108205ed60d6,0.3515296429977752,1056768,1048576,1048576,0,page_accounted_backing
random-d100-r256-rs21-gs12,5,memx_bounded,4.6047,1056768,2064.0,0xb7a9108205ed60d6,0.3515296429977752,1056768,1048576,1048576,0,page_accounted_backing
random-d100-r256-rs21-gs12,5,memx_bounded_assume_mapped,3.5622,1056768,2064.0,0xb7a9108205ed60d6,0.3515296429977752,1056768,1048576,1048576,0,page_accounted_backing
random-d100-r256-rs21-gs12,5,memx_bounded_trusted,3.5663,1056768,2064.0,0xb7a9108205ed60d6,0.3515296429977752,1056768,1048576,1048576,0,page_accounted_backing
random-d100-r256-rs21-gs12,5,memx_bounded_branchless,4.543,1056776,2064.02,0xb7a9108205ed60d6,0.3515296429977752,1056768,1048576,1048576,0,page_accounted_backing
random-d100-r256-rs21-gs12,5,memx_overlay_checked,4.8072,1056768,2064.0,0xb7a9108205ed60d6,0.3515296429977752,1056768,1048576,1048576,0,page_accounted_backing
random-d100-r256-rs21-gs12,5,memx_overlay_trusted,3.1847,1056768,2064.0,0xb7a9108205ed60d6,0.3515296429977752,1056768,1048576,1048576,0,page_accounted_backing
random-d100-r256-rs21-gs12,5,memx_sparse,5.9274,1249280,2440.0,0xb7a9108205ed60d6,0.3515296429977752,1056768,1048576,1048576,0,page_accounted_backing
random-d100-r256-rs21-gs12,5,memx_flat_fallback,2.7214,1052672,2056.0,0xb7a9108205ed60d6,0.3515296429977752,1056768,1048576,1048576,0,page_accounted_backing
uniform-d0-r256-rs21-gs12,5,flat,2.8269,1052672,2056.0,0x9db2929b7fb88c91,0.2924590239999816,1056768,0,0,0,page_accounted_backing
uniform-d0-r256-rs21-gs12,5,flat_assume_mapped,2.8431,1052672,2056.0,0x9db2929b7fb88c91,0.2924590239999816,1056768,0,0,0,page_accounted_backing
uniform-d0-r256-rs21-gs12,5,two_level,3.8006,2105344,4112.0,0x9db2929b7fb88c91,0.2924590239999816,1056768,0,0,0,page_accounted_backing
uniform-d0-r256-rs21-gs12,5,radix,6.2555,17833984,34832.0,0x9db2929b7fb88c91,0.2924590239999816,1056768,0,0,0,page_accounted_backing
uniform-d0-r256-rs21-gs12,5,cached_radix,7.1911,17834240,34832.5,0x9db2929b7fb88c91,0.2924590239999816,1056768,0,0,0,page_accounted_backing
uniform-d0-r256-rs21-gs12,5,memx_bounded,4.4319,8192,16.0,0x9db2929b7fb88c91,0.2924590239999816,1056768,0,0,0,page_accounted_backing
uniform-d0-r256-rs21-gs12,5,memx_bounded_assume_mapped,2.1389,8192,16.0,0x9db2929b7fb88c91,0.2924590239999816,1056768,0,0,0,page_accounted_backing
uniform-d0-r256-rs21-gs12,5,memx_bounded_trusted,2.021,8192,16.0,0x9db2929b7fb88c91,0.2924590239999816,1056768,0,0,0,page_accounted_backing
uniform-d0-r256-rs21-gs12,5,memx_bounded_branchless,2.8384,8200,16.02,0x9db2929b7fb88c91,0.2924590239999816,1056768,0,0,0,page_accounted_backing
uniform-d0-r256-rs21-gs12,5,memx_overlay_checked,3.961,8192,16.0,0x9db2929b7fb88c91,0.2924590239999816,1056768,0,0,0,page_accounted_backing
uniform-d0-r256-rs21-gs12,5,memx_overlay_trusted,2.0788,8192,16.0,0x9db2929b7fb88c91,0.2924590239999816,1056768,0,0,0,page_accounted_backing
uniform-d0-r256-rs21-gs12,5,memx_sparse,5.5767,200704,392.0,0x9db2929b7fb88c91,0.2924590239999816,1056768,0,0,0,page_accounted_backing
uniform-d0-r256-rs21-gs12,6,flat,2.8659,1052672,2056.0,0x9db2929b7fb88c91,0.29423063000285765,1056768,0,0,0,page_accounted_backing
uniform-d0-r256-rs21-gs12,6,flat_assume_mapped,2.777,1052672,2056.0,0x9db2929b7fb88c91,0.29423063000285765,1056768,0,0,0,page_accounted_backing
uniform-d0-r256-rs21-gs12,6,two_level,3.8368,2105344,4112.0,0x9db2929b7fb88c91,0.29423063000285765,1056768,0,0,0,page_accounted_backing
uniform-d0-r256-rs21-gs12,6,radix,6.2333,17833984,34832.0,0x9db2929b7fb88c91,0.29423063000285765,1056768,0,0,0,page_accounted_backing
uniform-d0-r256-rs21-gs12,6,cached_radix,7.2534,17834240,34832.5,0x9db2929b7fb88c91,0.29423063000285765,1056768,0,0,0,page_accounted_backing
uniform-d0-r256-rs21-gs12,6,memx_bounded,3.9066,8192,16.0,0x9db2929b7fb88c91,0.29423063000285765,1056768,0,0,0,page_accounted_backing
uniform-d0-r256-rs21-gs12,6,memx_bounded_assume_mapped,2.0925,8192,16.0,0x9db2929b7fb88c91,0.29423063000285765,1056768,0,0,0,page_accounted_backing
uniform-d0-r256-rs21-gs12,6,memx_bounded_trusted,2.0781,8192,16.0,0x9db2929b7fb88c91,0.29423063000285765,1056768,0,0,0,page_accounted_backing
uniform-d0-r256-rs21-gs12,6,memx_bounded_branchless,2.8227,8200,16.02,0x9db2929b7fb88c91,0.29423063000285765,1056768,0,0,0,page_accounted_backing
uniform-d0-r256-rs21-gs12,6,memx_overlay_checked,3.8841,8192,16.0,0x9db2929b7fb88c91,0.29423063000285765,1056768,0,0,0,page_accounted_backing
uniform-d0-r256-rs21-gs12,6,memx_overlay_trusted,2.0395,8192,16.0,0x9db2929b7fb88c91,0.29423063000285765,1056768,0,0,0,page_accounted_backing
uniform-d0-r256-rs21-gs12,6,memx_sparse,6.4044,200704,392.0,0x9db2929b7fb88c91,0.29423063000285765,1056768,0,0,0,page_accounted_backing
random-d100-r256-rs21-gs12,6,flat,5.576,1052672,2056.0,0xb7a9108205ed60d6,0.4144228610020946,1056768,1048576,1048576,0,page_accounted_backing
random-d100-r256-rs21-gs12,6,flat_assume_mapped,4.4768,1052672,2056.0,0xb7a9108205ed60d6,0.4144228610020946,1056768,1048576,1048576,0,page_accounted_backing
random-d100-r256-rs21-gs12,6,two_level,5.3514,2105344,4112.0,0xb7a9108205ed60d6,0.4144228610020946,1056768,1048576,1048576,0,page_accounted_backing
random-d100-r256-rs21-gs12,6,radix,6.4935,17833984,34832.0,0xb7a9108205ed60d6,0.4144228610020946,1056768,1048576,1048576,0,page_accounted_backing
random-d100-r256-rs21-gs12,6,cached_radix,7.3911,17834240,34832.5,0xb7a9108205ed60d6,0.4144228610020946,1056768,1048576,1048576,0,page_accounted_backing
random-d100-r256-rs21-gs12,6,memx_bounded,5.0941,1056768,2064.0,0xb7a9108205ed60d6,0.4144228610020946,1056768,1048576,1048576,0,page_accounted_backing
random-d100-r256-rs21-gs12,6,memx_bounded_assume_mapped,3.9174,1056768,2064.0,0xb7a9108205ed60d6,0.4144228610020946,1056768,1048576,1048576,0,page_accounted_backing
random-d100-r256-rs21-gs12,6,memx_bounded_trusted,3.6937,1056768,2064.0,0xb7a9108205ed60d6,0.4144228610020946,1056768,1048576,1048576,0,page_accounted_backing
random-d100-r256-rs21-gs12,6,memx_bounded_branchless,4.8144,1056776,2064.02,0xb7a9108205ed60d6,0.4144228610020946,1056768,1048576,1048576,0,page_accounted_backing
random-d100-r256-rs21-gs12,6,memx_overlay_checked,5.2024,1056768,2064.0,0xb7a9108205ed60d6,0.4144228610020946,1056768,1048576,1048576,0,page_accounted_backing
random-d100-r256-rs21-gs12,6,memx_overlay_trusted,3.5698,1056768,2064.0,0xb7a9108205ed60d6,0.4144228610020946,1056768,1048576,1048576,0,page_accounted_backing
random-d100-r256-rs21-gs12,6,memx_sparse,6.2158,1249280,2440.0,0xb7a9108205ed60d6,0.4144228610020946,1056768,1048576,1048576,0,page_accounted_backing
random-d100-r256-rs21-gs12,6,memx_flat_fallback,2.8175,1052672,2056.0,0xb7a9108205ed60d6,0.4144228610020946,1056768,1048576,1048576,0,page_accounted_backing
random-d100-r256-rs21-gs12,7,flat,4.0431,1052672,2056.0,0xb7a9108205ed60d6,0.39533481800026493,1056768,1048576,1048576,0,page_accounted_backing
random-d100-r256-rs21-gs12,7,flat_assume_mapped,4.0281,1052672,2056.0,0xb7a9108205ed60d6,0.39533481800026493,1056768,1048576,1048576,0,page_accounted_backing
random-d100-r256-rs21-gs12,7,two_level,4.5605,2105344,4112.0,0xb7a9108205ed60d6,0.39533481800026493,1056768,1048576,1048576,0,page_accounted_backing
random-d100-r256-rs21-gs12,7,radix,6.9943,17833984,34832.0,0xb7a9108205ed60d6,0.39533481800026493,1056768,1048576,1048576,0,page_accounted_backing
random-d100-r256-rs21-gs12,7,cached_radix,8.1414,17834240,34832.5,0xb7a9108205ed60d6,0.39533481800026493,1056768,1048576,1048576,0,page_accounted_backing
random-d100-r256-rs21-gs12,7,memx_bounded,4.9759,1056768,2064.0,0xb7a9108205ed60d6,0.39533481800026493,1056768,1048576,1048576,0,page_accounted_backing
random-d100-r256-rs21-gs12,7,memx_bounded_assume_mapped,3.8244,1056768,2064.0,0xb7a9108205ed60d6,0.39533481800026493,1056768,1048576,1048576,0,page_accounted_backing
random-d100-r256-rs21-gs12,7,memx_bounded_trusted,3.6513,1056768,2064.0,0xb7a9108205ed60d6,0.39533481800026493,1056768,1048576,1048576,0,page_accounted_backing
random-d100-r256-rs21-gs12,7,memx_bounded_branchless,5.0183,1056776,2064.02,0xb7a9108205ed60d6,0.39533481800026493,1056768,1048576,1048576,0,page_accounted_backing
random-d100-r256-rs21-gs12,7,memx_overlay_checked,5.4737,1056768,2064.0,0xb7a9108205ed60d6,0.39533481800026493,1056768,1048576,1048576,0,page_accounted_backing
random-d100-r256-rs21-gs12,7,memx_overlay_trusted,3.2897,1056768,2064.0,0xb7a9108205ed60d6,0.39533481800026493,1056768,1048576,1048576,0,page_accounted_backing
random-d100-r256-rs21-gs12,7,memx_sparse,6.0295,1249280,2440.0,0xb7a9108205ed60d6,0.39533481800026493,1056768,1048576,1048576,0,page_accounted_backing
random-d100-r256-rs21-gs12,7,memx_flat_fallback,2.7557,1052672,2056.0,0xb7a9108205ed60d6,0.39533481800026493,1056768,1048576,1048576,0,page_accounted_backing
uniform-d0-r256-rs21-gs12,7,flat,3.4024,1052672,2056.0,0x9db2929b7fb88c91,0.31849589999910677,1056768,0,0,0,page_accounted_backing
uniform-d0-r256-rs21-gs12,7,flat_assume_mapped,3.1112,1052672,2056.0,0x9db2929b7fb88c91,0.31849589999910677,1056768,0,0,0,page_accounted_backing
uniform-d0-r256-rs21-gs12,7,two_level,4.288,2105344,4112.0,0x9db2929b7fb88c91,0.31849589999910677,1056768,0,0,0,page_accounted_backing
uniform-d0-r256-rs21-gs12,7,radix,6.8834,17833984,34832.0,0x9db2929b7fb88c91,0.31849589999910677,1056768,0,0,0,page_accounted_backing
uniform-d0-r256-rs21-gs12,7,cached_radix,7.6845,17834240,34832.5,0x9db2929b7fb88c91,0.31849589999910677,1056768,0,0,0,page_accounted_backing
uniform-d0-r256-rs21-gs12,7,memx_bounded,4.2233,8192,16.0,0x9db2929b7fb88c91,0.31849589999910677,1056768,0,0,0,page_accounted_backing
uniform-d0-r256-rs21-gs12,7,memx_bounded_assume_mapped,2.2352,8192,16.0,0x9db2929b7fb88c91,0.31849589999910677,1056768,0,0,0,page_accounted_backing
uniform-d0-r256-rs21-gs12,7,memx_bounded_trusted,2.2217,8192,16.0,0x9db2929b7fb88c91,0.31849589999910677,1056768,0,0,0,page_accounted_backing
uniform-d0-r256-rs21-gs12,7,memx_bounded_branchless,2.9114,8200,16.02,0x9db2929b7fb88c91,0.31849589999910677,1056768,0,0,0,page_accounted_backing
uniform-d0-r256-rs21-gs12,7,memx_overlay_checked,3.9935,8192,16.0,0x9db2929b7fb88c91,0.31849589999910677,1056768,0,0,0,page_accounted_backing
uniform-d0-r256-rs21-gs12,7,memx_overlay_trusted,2.1911,8192,16.0,0x9db2929b7fb88c91,0.31849589999910677,1056768,0,0,0,page_accounted_backing
uniform-d0-r256-rs21-gs12,7,memx_sparse,5.9327,200704,392.0,0x9db2929b7fb88c91,0.31849589999910677,1056768,0,0,0,page_accounted_backing
uniform-d0-r256-rs21-gs12,8,flat,3.0432,1052672,2056.0,0x9db2929b7fb88c91,0.30862665599852335,1056768,0,0,0,page_accounted_backing
uniform-d0-r256-rs21-gs12,8,flat_assume_mapped,3.0786,1052672,2056.0,0x9db2929b7fb88c91,0.30862665599852335,1056768,0,0,0,page_accounted_backing
uniform-d0-r256-rs21-gs12,8,two_level,3.9281,2105344,4112.0,0x9db2929b7fb88c91,0.30862665599852335,1056768,0,0,0,page_accounted_backing
uniform-d0-r256-rs21-gs12,8,radix,6.6018,17833984,34832.0,0x9db2929b7fb88c91,0.30862665599852335,1056768,0,0,0,page_accounted_backing
uniform-d0-r256-rs21-gs12,8,cached_radix,7.6422,17834240,34832.5,0x9db2929b7fb88c91,0.30862665599852335,1056768,0,0,0,page_accounted_backing
uniform-d0-r256-rs21-gs12,8,memx_bounded,4.3979,8192,16.0,0x9db2929b7fb88c91,0.30862665599852335,1056768,0,0,0,page_accounted_backing
uniform-d0-r256-rs21-gs12,8,memx_bounded_assume_mapped,2.4677,8192,16.0,0x9db2929b7fb88c91,0.30862665599852335,1056768,0,0,0,page_accounted_backing
uniform-d0-r256-rs21-gs12,8,memx_bounded_trusted,2.2169,8192,16.0,0x9db2929b7fb88c91,0.30862665599852335,1056768,0,0,0,page_accounted_backing
uniform-d0-r256-rs21-gs12,8,memx_bounded_branchless,2.9791,8200,16.02,0x9db2929b7fb88c91,0.30862665599852335,1056768,0,0,0,page_accounted_backing
uniform-d0-r256-rs21-gs12,8,memx_overlay_checked,3.9441,8192,16.0,0x9db2929b7fb88c91,0.30862665599852335,1056768,0,0,0,page_accounted_backing
uniform-d0-r256-rs21-gs12,8,memx_overlay_trusted,2.1281,8192,16.0,0x9db2929b7fb88c91,0.30862665599852335,1056768,0,0,0,page_accounted_backing
uniform-d0-r256-rs21-gs12,8,memx_sparse,5.9655,200704,392.0,0x9db2929b7fb88c91,0.30862665599852335,1056768,0,0,0,page_accounted_backing
random-d100-r256-rs21-gs12,8,flat,3.2847,1052672,2056.0,0xb7a9108205ed60d6,0.3634917909948854,1056768,1048576,1048576,0,page_accounted_backing
random-d100-r256-rs21-gs12,8,flat_assume_mapped,2.8917,1052672,2056.0,0xb7a9108205ed60d6,0.3634917909948854,1056768,1048576,1048576,0,page_accounted_backing
random-d100-r256-rs21-gs12,8,two_level,3.9663,2105344,4112.0,0xb7a9108205ed60d6,0.3634917909948854,1056768,1048576,1048576,0,page_accounted_backing
random-d100-r256-rs21-gs12,8,radix,6.4186,17833984,34832.0,0xb7a9108205ed60d6,0.3634917909948854,1056768,1048576,1048576,0,page_accounted_backing
random-d100-r256-rs21-gs12,8,cached_radix,7.7147,17834240,34832.5,0xb7a9108205ed60d6,0.3634917909948854,1056768,1048576,1048576,0,page_accounted_backing
random-d100-r256-rs21-gs12,8,memx_bounded,4.7449,1056768,2064.0,0xb7a9108205ed60d6,0.3634917909948854,1056768,1048576,1048576,0,page_accounted_backing
random-d100-r256-rs21-gs12,8,memx_bounded_assume_mapped,3.6428,1056768,2064.0,0xb7a9108205ed60d6,0.3634917909948854,1056768,1048576,1048576,0,page_accounted_backing
random-d100-r256-rs21-gs12,8,memx_bounded_trusted,3.4731,1056768,2064.0,0xb7a9108205ed60d6,0.3634917909948854,1056768,1048576,1048576,0,page_accounted_backing
random-d100-r256-rs21-gs12,8,memx_bounded_branchless,4.809,1056776,2064.02,0xb7a9108205ed60d6,0.3634917909948854,1056768,1048576,1048576,0,page_accounted_backing
random-d100-r256-rs21-gs12,8,memx_overlay_checked,4.9726,1056768,2064.0,0xb7a9108205ed60d6,0.3634917909948854,1056768,1048576,1048576,0,page_accounted_backing
random-d100-r256-rs21-gs12,8,memx_overlay_trusted,3.1934,1056768,2064.0,0xb7a9108205ed60d6,0.3634917909948854,1056768,1048576,1048576,0,page_accounted_backing
random-d100-r256-rs21-gs12,8,memx_sparse,6.1457,1249280,2440.0,0xb7a9108205ed60d6,0.3634917909948854,1056768,1048576,1048576,0,page_accounted_backing
random-d100-r256-rs21-gs12,8,memx_flat_fallback,2.6663,1052672,2056.0,0xb7a9108205ed60d6,0.3634917909948854,1056768,1048576,1048576,0,page_accounted_backing
random-d100-r256-rs21-gs12,9,flat,2.9325,1052672,2056.0,0xb7a9108205ed60d6,0.3622618209992652,1056768,1048576,1048576,0,page_accounted_backing
random-d100-r256-rs21-gs12,9,flat_assume_mapped,2.7209,1052672,2056.0,0xb7a9108205ed60d6,0.3622618209992652,1056768,1048576,1048576,0,page_accounted_backing
random-d100-r256-rs21-gs12,9,two_level,4.0142,2105344,4112.0,0xb7a9108205ed60d6,0.3622618209992652,1056768,1048576,1048576,0,page_accounted_backing
random-d100-r256-rs21-gs12,9,radix,6.5225,17833984,34832.0,0xb7a9108205ed60d6,0.3622618209992652,1056768,1048576,1048576,0,page_accounted_backing
random-d100-r256-rs21-gs12,9,cached_radix,7.3972,17834240,34832.5,0xb7a9108205ed60d6,0.3622618209992652,1056768,1048576,1048576,0,page_accounted_backing
random-d100-r256-rs21-gs12,9,memx_bounded,4.887,1056768,2064.0,0xb7a9108205ed60d6,0.3622618209992652,1056768,1048576,1048576,0,page_accounted_backing
random-d100-r256-rs21-gs12,9,memx_bounded_assume_mapped,3.6948,1056768,2064.0,0xb7a9108205ed60d6,0.3622618209992652,1056768,1048576,1048576,0,page_accounted_backing
random-d100-r256-rs21-gs12,9,memx_bounded_trusted,3.4209,1056768,2064.0,0xb7a9108205ed60d6,0.3622618209992652,1056768,1048576,1048576,0,page_accounted_backing
random-d100-r256-rs21-gs12,9,memx_bounded_branchless,4.4813,1056776,2064.02,0xb7a9108205ed60d6,0.3622618209992652,1056768,1048576,1048576,0,page_accounted_backing
random-d100-r256-rs21-gs12,9,memx_overlay_checked,4.929,1056768,2064.0,0xb7a9108205ed60d6,0.3622618209992652,1056768,1048576,1048576,0,page_accounted_backing
random-d100-r256-rs21-gs12,9,memx_overlay_trusted,3.5507,1056768,2064.0,0xb7a9108205ed60d6,0.3622618209992652,1056768,1048576,1048576,0,page_accounted_backing
random-d100-r256-rs21-gs12,9,memx_sparse,6.0753,1249280,2440.0,0xb7a9108205ed60d6,0.3622618209992652,1056768,1048576,1048576,0,page_accounted_backing
random-d100-r256-rs21-gs12,9,memx_flat_fallback,2.7066,1052672,2056.0,0xb7a9108205ed60d6,0.3622618209992652,1056768,1048576,1048576,0,page_accounted_backing
uniform-d0-r256-rs21-gs12,9,flat,2.8873,1052672,2056.0,0x9db2929b7fb88c91,0.30093278999993345,1056768,0,0,0,page_accounted_backing
uniform-d0-r256-rs21-gs12,9,flat_assume_mapped,2.7414,1052672,2056.0,0x9db2929b7fb88c91,0.30093278999993345,1056768,0,0,0,page_accounted_backing
uniform-d0-r256-rs21-gs12,9,two_level,3.9849,2105344,4112.0,0x9db2929b7fb88c91,0.30093278999993345,1056768,0,0,0,page_accounted_backing
uniform-d0-r256-rs21-gs12,9,radix,6.5242,17833984,34832.0,0x9db2929b7fb88c91,0.30093278999993345,1056768,0,0,0,page_accounted_backing
uniform-d0-r256-rs21-gs12,9,cached_radix,7.3698,17834240,34832.5,0x9db2929b7fb88c91,0.30093278999993345,1056768,0,0,0,page_accounted_backing
uniform-d0-r256-rs21-gs12,9,memx_bounded,4.0969,8192,16.0,0x9db2929b7fb88c91,0.30093278999993345,1056768,0,0,0,page_accounted_backing
uniform-d0-r256-rs21-gs12,9,memx_bounded_assume_mapped,2.2664,8192,16.0,0x9db2929b7fb88c91,0.30093278999993345,1056768,0,0,0,page_accounted_backing
uniform-d0-r256-rs21-gs12,9,memx_bounded_trusted,2.0662,8192,16.0,0x9db2929b7fb88c91,0.30093278999993345,1056768,0,0,0,page_accounted_backing
uniform-d0-r256-rs21-gs12,9,memx_bounded_branchless,2.838,8200,16.02,0x9db2929b7fb88c91,0.30093278999993345,1056768,0,0,0,page_accounted_backing
uniform-d0-r256-rs21-gs12,9,memx_overlay_checked,4.0632,8192,16.0,0x9db2929b7fb88c91,0.30093278999993345,1056768,0,0,0,page_accounted_backing
uniform-d0-r256-rs21-gs12,9,memx_overlay_trusted,2.6696,8192,16.0,0x9db2929b7fb88c91,0.30093278999993345,1056768,0,0,0,page_accounted_backing
uniform-d0-r256-rs21-gs12,9,memx_sparse,5.5087,200704,392.0,0x9db2929b7fb88c91,0.30093278999993345,1056768,0,0,0,page_accounted_backing
uniform-d0-r256-rs21-gs12,10,flat,2.9428,1052672,2056.0,0x9db2929b7fb88c91,0.3160904309988837,1056768,0,0,0,page_accounted_backing
uniform-d0-r256-rs21-gs12,10,flat_assume_mapped,2.8423,1052672,2056.0,0x9db2929b7fb88c91,0.3160904309988837,1056768,0,0,0,page_accounted_backing
uniform-d0-r256-rs21-gs12,10,two_level,3.8913,2105344,4112.0,0x9db2929b7fb88c91,0.3160904309988837,1056768,0,0,0,page_accounted_backing
uniform-d0-r256-rs21-gs12,10,radix,7.1215,17833984,34832.0,0x9db2929b7fb88c91,0.3160904309988837,1056768,0,0,0,page_accounted_backing
uniform-d0-r256-rs21-gs12,10,cached_radix,8.3214,17834240,34832.5,0x9db2929b7fb88c91,0.3160904309988837,1056768,0,0,0,page_accounted_backing
uniform-d0-r256-rs21-gs12,10,memx_bounded,4.0082,8192,16.0,0x9db2929b7fb88c91,0.3160904309988837,1056768,0,0,0,page_accounted_backing
uniform-d0-r256-rs21-gs12,10,memx_bounded_assume_mapped,2.2831,8192,16.0,0x9db2929b7fb88c91,0.3160904309988837,1056768,0,0,0,page_accounted_backing
uniform-d0-r256-rs21-gs12,10,memx_bounded_trusted,2.1545,8192,16.0,0x9db2929b7fb88c91,0.3160904309988837,1056768,0,0,0,page_accounted_backing
uniform-d0-r256-rs21-gs12,10,memx_bounded_branchless,3.3391,8200,16.02,0x9db2929b7fb88c91,0.3160904309988837,1056768,0,0,0,page_accounted_backing
uniform-d0-r256-rs21-gs12,10,memx_overlay_checked,4.0924,8192,16.0,0x9db2929b7fb88c91,0.3160904309988837,1056768,0,0,0,page_accounted_backing
uniform-d0-r256-rs21-gs12,10,memx_overlay_trusted,2.3005,8192,16.0,0x9db2929b7fb88c91,0.3160904309988837,1056768,0,0,0,page_accounted_backing
uniform-d0-r256-rs21-gs12,10,memx_sparse,5.8825,200704,392.0,0x9db2929b7fb88c91,0.3160904309988837,1056768,0,0,0,page_accounted_backing
random-d100-r256-rs21-gs12,10,flat,3.025,1052672,2056.0,0xb7a9108205ed60d6,0.37526422099472256,1056768,1048576,1048576,0,page_accounted_backing
random-d100-r256-rs21-gs12,10,flat_assume_mapped,3.2207,1052672,2056.0,0xb7a9108205ed60d6,0.37526422099472256,1056768,1048576,1048576,0,page_accounted_backing
random-d100-r256-rs21-gs12,10,two_level,4.1141,2105344,4112.0,0xb7a9108205ed60d6,0.37526422099472256,1056768,1048576,1048576,0,page_accounted_backing
random-d100-r256-rs21-gs12,10,radix,6.8416,17833984,34832.0,0xb7a9108205ed60d6,0.37526422099472256,1056768,1048576,1048576,0,page_accounted_backing
random-d100-r256-rs21-gs12,10,cached_radix,7.7347,17834240,34832.5,0xb7a9108205ed60d6,0.37526422099472256,1056768,1048576,1048576,0,page_accounted_backing
random-d100-r256-rs21-gs12,10,memx_bounded,4.9848,1056768,2064.0,0xb7a9108205ed60d6,0.37526422099472256,1056768,1048576,1048576,0,page_accounted_backing
random-d100-r256-rs21-gs12,10,memx_bounded_assume_mapped,3.9787,1056768,2064.0,0xb7a9108205ed60d6,0.37526422099472256,1056768,1048576,1048576,0,page_accounted_backing
random-d100-r256-rs21-gs12,10,memx_bounded_trusted,3.6527,1056768,2064.0,0xb7a9108205ed60d6,0.37526422099472256,1056768,1048576,1048576,0,page_accounted_backing
random-d100-r256-rs21-gs12,10,memx_bounded_branchless,4.6261,1056776,2064.02,0xb7a9108205ed60d6,0.37526422099472256,1056768,1048576,1048576,0,page_accounted_backing
random-d100-r256-rs21-gs12,10,memx_overlay_checked,5.0637,1056768,2064.0,0xb7a9108205ed60d6,0.37526422099472256,1056768,1048576,1048576,0,page_accounted_backing
random-d100-r256-rs21-gs12,10,memx_overlay_trusted,3.5895,1056768,2064.0,0xb7a9108205ed60d6,0.37526422099472256,1056768,1048576,1048576,0,page_accounted_backing
random-d100-r256-rs21-gs12,10,memx_sparse,6.0886,1249280,2440.0,0xb7a9108205ed60d6,0.37526422099472256,1056768,1048576,1048576,0,page_accounted_backing
random-d100-r256-rs21-gs12,10,memx_flat_fallback,2.7266,1052672,2056.0,0xb7a9108205ed60d6,0.37526422099472256,1056768,1048576,1048576,0,page_accounted_backing
uniform-d0-r256-rs21-gs12,11,flat,2.9368,1052672,2056.0,0x9db2929b7fb88c91,0.31918241899984423,1056768,0,0,0,page_accounted_backing
uniform-d0-r256-rs21-gs12,11,flat_assume_mapped,2.9308,1052672,2056.0,0x9db2929b7fb88c91,0.31918241899984423,1056768,0,0,0,page_accounted_backing
uniform-d0-r256-rs21-gs12,11,two_level,6.6309,2105344,4112.0,0x9db2929b7fb88c91,0.31918241899984423,1056768,0,0,0,page_accounted_backing
uniform-d0-r256-rs21-gs12,11,radix,6.7191,17833984,34832.0,0x9db2929b7fb88c91,0.31918241899984423,1056768,0,0,0,page_accounted_backing
uniform-d0-r256-rs21-gs12,11,cached_radix,8.2283,17834240,34832.5,0x9db2929b7fb88c91,0.31918241899984423,1056768,0,0,0,page_accounted_backing
uniform-d0-r256-rs21-gs12,11,memx_bounded,4.0858,8192,16.0,0x9db2929b7fb88c91,0.31918241899984423,1056768,0,0,0,page_accounted_backing
uniform-d0-r256-rs21-gs12,11,memx_bounded_assume_mapped,2.1201,8192,16.0,0x9db2929b7fb88c91,0.31918241899984423,1056768,0,0,0,page_accounted_backing
uniform-d0-r256-rs21-gs12,11,memx_bounded_trusted,2.1171,8192,16.0,0x9db2929b7fb88c91,0.31918241899984423,1056768,0,0,0,page_accounted_backing
uniform-d0-r256-rs21-gs12,11,memx_bounded_branchless,3.0382,8200,16.02,0x9db2929b7fb88c91,0.31918241899984423,1056768,0,0,0,page_accounted_backing
uniform-d0-r256-rs21-gs12,11,memx_overlay_checked,4.0419,8192,16.0,0x9db2929b7fb88c91,0.31918241899984423,1056768,0,0,0,page_accounted_backing
uniform-d0-r256-rs21-gs12,11,memx_overlay_trusted,2.1699,8192,16.0,0x9db2929b7fb88c91,0.31918241899984423,1056768,0,0,0,page_accounted_backing
uniform-d0-r256-rs21-gs12,11,memx_sparse,5.5521,200704,392.0,0x9db2929b7fb88c91,0.31918241899984423,1056768,0,0,0,page_accounted_backing
random-d100-r256-rs21-gs12,11,flat,2.9688,1052672,2056.0,0xb7a9108205ed60d6,0.3743274129956262,1056768,1048576,1048576,0,page_accounted_backing
random-d100-r256-rs21-gs12,11,flat_assume_mapped,2.762,1052672,2056.0,0xb7a9108205ed60d6,0.3743274129956262,1056768,1048576,1048576,0,page_accounted_backing
random-d100-r256-rs21-gs12,11,two_level,4.2819,2105344,4112.0,0xb7a9108205ed60d6,0.3743274129956262,1056768,1048576,1048576,0,page_accounted_backing
random-d100-r256-rs21-gs12,11,radix,6.7386,17833984,34832.0,0xb7a9108205ed60d6,0.3743274129956262,1056768,1048576,1048576,0,page_accounted_backing
random-d100-r256-rs21-gs12,11,cached_radix,7.55,17834240,34832.5,0xb7a9108205ed60d6,0.3743274129956262,1056768,1048576,1048576,0,page_accounted_backing
random-d100-r256-rs21-gs12,11,memx_bounded,5.6223,1056768,2064.0,0xb7a9108205ed60d6,0.3743274129956262,1056768,1048576,1048576,0,page_accounted_backing
random-d100-r256-rs21-gs12,11,memx_bounded_assume_mapped,3.8124,1056768,2064.0,0xb7a9108205ed60d6,0.3743274129956262,1056768,1048576,1048576,0,page_accounted_backing
random-d100-r256-rs21-gs12,11,memx_bounded_trusted,3.5366,1056768,2064.0,0xb7a9108205ed60d6,0.3743274129956262,1056768,1048576,1048576,0,page_accounted_backing
random-d100-r256-rs21-gs12,11,memx_bounded_branchless,4.6766,1056776,2064.02,0xb7a9108205ed60d6,0.3743274129956262,1056768,1048576,1048576,0,page_accounted_backing
random-d100-r256-rs21-gs12,11,memx_overlay_checked,5.1038,1056768,2064.0,0xb7a9108205ed60d6,0.3743274129956262,1056768,1048576,1048576,0,page_accounted_backing
random-d100-r256-rs21-gs12,11,memx_overlay_trusted,3.5265,1056768,2064.0,0xb7a9108205ed60d6,0.3743274129956262,1056768,1048576,1048576,0,page_accounted_backing
random-d100-r256-rs21-gs12,11,memx_sparse,6.1192,1249280,2440.0,0xb7a9108205ed60d6,0.3743274129956262,1056768,1048576,1048576,0,page_accounted_backing
random-d100-r256-rs21-gs12,11,memx_flat_fallback,2.8814,1052672,2056.0,0xb7a9108205ed60d6,0.3743274129956262,1056768,1048576,1048576,0,page_accounted_backing
uniform-d0-r256-rs21-gs12,12,flat,3.8605,1052672,2056.0,0x9db2929b7fb88c91,0.3184720660065068,1056768,0,0,0,page_accounted_backing
uniform-d0-r256-rs21-gs12,12,flat_assume_mapped,3.0922,1052672,2056.0,0x9db2929b7fb88c91,0.3184720660065068,1056768,0,0,0,page_accounted_backing
uniform-d0-r256-rs21-gs12,12,two_level,4.1945,2105344,4112.0,0x9db2929b7fb88c91,0.3184720660065068,1056768,0,0,0,page_accounted_backing
uniform-d0-r256-rs21-gs12,12,radix,6.9988,17833984,34832.0,0x9db2929b7fb88c91,0.3184720660065068,1056768,0,0,0,page_accounted_backing
uniform-d0-r256-rs21-gs12,12,cached_radix,7.6339,17834240,34832.5,0x9db2929b7fb88c91,0.3184720660065068,1056768,0,0,0,page_accounted_backing
uniform-d0-r256-rs21-gs12,12,memx_bounded,3.8845,8192,16.0,0x9db2929b7fb88c91,0.3184720660065068,1056768,0,0,0,page_accounted_backing
uniform-d0-r256-rs21-gs12,12,memx_bounded_assume_mapped,2.199,8192,16.0,0x9db2929b7fb88c91,0.3184720660065068,1056768,0,0,0,page_accounted_backing
uniform-d0-r256-rs21-gs12,12,memx_bounded_trusted,2.1559,8192,16.0,0x9db2929b7fb88c91,0.3184720660065068,1056768,0,0,0,page_accounted_backing
uniform-d0-r256-rs21-gs12,12,memx_bounded_branchless,3.3804,8200,16.02,0x9db2929b7fb88c91,0.3184720660065068,1056768,0,0,0,page_accounted_backing
uniform-d0-r256-rs21-gs12,12,memx_overlay_checked,4.1385,8192,16.0,0x9db2929b7fb88c91,0.3184720660065068,1056768,0,0,0,page_accounted_backing
uniform-d0-r256-rs21-gs12,12,memx_overlay_trusted,2.1731,8192,16.0,0x9db2929b7fb88c91,0.3184720660065068,1056768,0,0,0,page_accounted_backing
uniform-d0-r256-rs21-gs12,12,memx_sparse,5.6754,200704,392.0,0x9db2929b7fb88c91,0.3184720660065068,1056768,0,0,0,page_accounted_backing
random-d100-r256-rs21-gs12,12,flat,2.9513,1052672,2056.0,0xb7a9108205ed60d6,0.3740845869979239,1056768,1048576,1048576,0,page_accounted_backing
random-d100-r256-rs21-gs12,12,flat_assume_mapped,2.8923,1052672,2056.0,0xb7a9108205ed60d6,0.3740845869979239,1056768,1048576,1048576,0,page_accounted_backing
random-d100-r256-rs21-gs12,12,two_level,4.0853,2105344,4112.0,0xb7a9108205ed60d6,0.3740845869979239,1056768,1048576,1048576,0,page_accounted_backing
random-d100-r256-rs21-gs12,12,radix,6.7189,17833984,34832.0,0xb7a9108205ed60d6,0.3740845869979239,1056768,1048576,1048576,0,page_accounted_backing
random-d100-r256-rs21-gs12,12,cached_radix,7.5329,17834240,34832.5,0xb7a9108205ed60d6,0.3740845869979239,1056768,1048576,1048576,0,page_accounted_backing
random-d100-r256-rs21-gs12,12,memx_bounded,5.0484,1056768,2064.0,0xb7a9108205ed60d6,0.3740845869979239,1056768,1048576,1048576,0,page_accounted_backing
random-d100-r256-rs21-gs12,12,memx_bounded_assume_mapped,4.2629,1056768,2064.0,0xb7a9108205ed60d6,0.3740845869979239,1056768,1048576,1048576,0,page_accounted_backing
random-d100-r256-rs21-gs12,12,memx_bounded_trusted,3.647,1056768,2064.0,0xb7a9108205ed60d6,0.3740845869979239,1056768,1048576,1048576,0,page_accounted_backing
random-d100-r256-rs21-gs12,12,memx_bounded_branchless,5.1586,1056776,2064.02,0xb7a9108205ed60d6,0.3740845869979239,1056768,1048576,1048576,0,page_accounted_backing
random-d100-r256-rs21-gs12,12,memx_overlay_checked,5.0196,1056768,2064.0,0xb7a9108205ed60d6,0.3740845869979239,1056768,1048576,1048576,0,page_accounted_backing
random-d100-r256-rs21-gs12,12,memx_overlay_trusted,3.3389,1056768,2064.0,0xb7a9108205ed60d6,0.3740845869979239,1056768,1048576,1048576,0,page_accounted_backing
random-d100-r256-rs21-gs12,12,memx_sparse,6.2505,1249280,2440.0,0xb7a9108205ed60d6,0.3740845869979239,1056768,1048576,1048576,0,page_accounted_backing
random-d100-r256-rs21-gs12,12,memx_flat_fallback,2.8382,1052672,2056.0,0xb7a9108205ed60d6,0.3740845869979239,1056768,1048576,1048576,0,page_accounted_backing
uniform-d0-r256-rs21-gs12,13,flat,2.9789,1052672,2056.0,0x9db2929b7fb88c91,0.3045931729939184,1056768,0,0,0,page_accounted_backing
uniform-d0-r256-rs21-gs12,13,flat_assume_mapped,2.8527,1052672,2056.0,0x9db2929b7fb88c91,0.3045931729939184,1056768,0,0,0,page_accounted_backing
uniform-d0-r256-rs21-gs12,13,two_level,3.9008,2105344,4112.0,0x9db2929b7fb88c91,0.3045931729939184,1056768,0,0,0,page_accounted_backing
uniform-d0-r256-rs21-gs12,13,radix,6.5225,17833984,34832.0,0x9db2929b7fb88c91,0.3045931729939184,1056768,0,0,0,page_accounted_backing
uniform-d0-r256-rs21-gs12,13,cached_radix,8.2411,17834240,34832.5,0x9db2929b7fb88c91,0.3045931729939184,1056768,0,0,0,page_accounted_backing
uniform-d0-r256-rs21-gs12,13,memx_bounded,4.0433,8192,16.0,0x9db2929b7fb88c91,0.3045931729939184,1056768,0,0,0,page_accounted_backing
uniform-d0-r256-rs21-gs12,13,memx_bounded_assume_mapped,2.1924,8192,16.0,0x9db2929b7fb88c91,0.3045931729939184,1056768,0,0,0,page_accounted_backing
uniform-d0-r256-rs21-gs12,13,memx_bounded_trusted,2.1829,8192,16.0,0x9db2929b7fb88c91,0.3045931729939184,1056768,0,0,0,page_accounted_backing
uniform-d0-r256-rs21-gs12,13,memx_bounded_branchless,2.9138,8200,16.02,0x9db2929b7fb88c91,0.3045931729939184,1056768,0,0,0,page_accounted_backing
uniform-d0-r256-rs21-gs12,13,memx_overlay_checked,4.0962,8192,16.0,0x9db2929b7fb88c91,0.3045931729939184,1056768,0,0,0,page_accounted_backing
uniform-d0-r256-rs21-gs12,13,memx_overlay_trusted,2.1488,8192,16.0,0x9db2929b7fb88c91,0.3045931729939184,1056768,0,0,0,page_accounted_backing
uniform-d0-r256-rs21-gs12,13,memx_sparse,5.5104,200704,392.0,0x9db2929b7fb88c91,0.3045931729939184,1056768,0,0,0,page_accounted_backing
random-d100-r256-rs21-gs12,13,flat,2.9152,1052672,2056.0,0xb7a9108205ed60d6,0.354305900997133,1056768,1048576,1048576,0,page_accounted_backing
random-d100-r256-rs21-gs12,13,flat_assume_mapped,2.7201,1052672,2056.0,0xb7a9108205ed60d6,0.354305900997133,1056768,1048576,1048576,0,page_accounted_backing
random-d100-r256-rs21-gs12,13,two_level,3.7777,2105344,4112.0,0xb7a9108205ed60d6,0.354305900997133,1056768,1048576,1048576,0,page_accounted_backing
random-d100-r256-rs21-gs12,13,radix,6.4332,17833984,34832.0,0xb7a9108205ed60d6,0.354305900997133,1056768,1048576,1048576,0,page_accounted_backing
random-d100-r256-rs21-gs12,13,cached_radix,7.1827,17834240,34832.5,0xb7a9108205ed60d6,0.354305900997133,1056768,1048576,1048576,0,page_accounted_backing
random-d100-r256-rs21-gs12,13,memx_bounded,4.7359,1056768,2064.0,0xb7a9108205ed60d6,0.354305900997133,1056768,1048576,1048576,0,page_accounted_backing
random-d100-r256-rs21-gs12,13,memx_bounded_assume_mapped,3.5135,1056768,2064.0,0xb7a9108205ed60d6,0.354305900997133,1056768,1048576,1048576,0,page_accounted_backing
random-d100-r256-rs21-gs12,13,memx_bounded_trusted,3.396,1056768,2064.0,0xb7a9108205ed60d6,0.354305900997133,1056768,1048576,1048576,0,page_accounted_backing
random-d100-r256-rs21-gs12,13,memx_bounded_branchless,4.7907,1056776,2064.02,0xb7a9108205ed60d6,0.354305900997133,1056768,1048576,1048576,0,page_accounted_backing
random-d100-r256-rs21-gs12,13,memx_overlay_checked,4.8525,1056768,2064.0,0xb7a9108205ed60d6,0.354305900997133,1056768,1048576,1048576,0,page_accounted_backing
random-d100-r256-rs21-gs12,13,memx_overlay_trusted,3.1908,1056768,2064.0,0xb7a9108205ed60d6,0.354305900997133,1056768,1048576,1048576,0,page_accounted_backing
random-d100-r256-rs21-gs12,13,memx_sparse,5.7992,1249280,2440.0,0xb7a9108205ed60d6,0.354305900997133,1056768,1048576,1048576,0,page_accounted_backing
random-d100-r256-rs21-gs12,13,memx_flat_fallback,2.8734,1052672,2056.0,0xb7a9108205ed60d6,0.354305900997133,1056768,1048576,1048576,0,page_accounted_backing
uniform-d0-r256-rs21-gs12,14,flat,2.8063,1052672,2056.0,0x9db2929b7fb88c91,0.29255504100001417,1056768,0,0,0,page_accounted_backing
uniform-d0-r256-rs21-gs12,14,flat_assume_mapped,2.8685,1052672,2056.0,0x9db2929b7fb88c91,0.29255504100001417,1056768,0,0,0,page_accounted_backing
uniform-d0-r256-rs21-gs12,14,two_level,4.0496,2105344,4112.0,0x9db2929b7fb88c91,0.29255504100001417,1056768,0,0,0,page_accounted_backing
uniform-d0-r256-rs21-gs12,14,radix,6.3035,17833984,34832.0,0x9db2929b7fb88c91,0.29255504100001417,1056768,0,0,0,page_accounted_backing
uniform-d0-r256-rs21-gs12,14,cached_radix,7.152,17834240,34832.5,0x9db2929b7fb88c91,0.29255504100001417,1056768,0,0,0,page_accounted_backing
uniform-d0-r256-rs21-gs12,14,memx_bounded,3.9588,8192,16.0,0x9db2929b7fb88c91,0.29255504100001417,1056768,0,0,0,page_accounted_backing
uniform-d0-r256-rs21-gs12,14,memx_bounded_assume_mapped,2.0825,8192,16.0,0x9db2929b7fb88c91,0.29255504100001417,1056768,0,0,0,page_accounted_backing
uniform-d0-r256-rs21-gs12,14,memx_bounded_trusted,2.1194,8192,16.0,0x9db2929b7fb88c91,0.29255504100001417,1056768,0,0,0,page_accounted_backing
uniform-d0-r256-rs21-gs12,14,memx_bounded_branchless,2.8849,8200,16.02,0x9db2929b7fb88c91,0.29255504100001417,1056768,0,0,0,page_accounted_backing
uniform-d0-r256-rs21-gs12,14,memx_overlay_checked,3.874,8192,16.0,0x9db2929b7fb88c91,0.29255504100001417,1056768,0,0,0,page_accounted_backing
uniform-d0-r256-rs21-gs12,14,memx_overlay_trusted,2.0723,8192,16.0,0x9db2929b7fb88c91,0.29255504100001417,1056768,0,0,0,page_accounted_backing
uniform-d0-r256-rs21-gs12,14,memx_sparse,5.6381,200704,392.0,0x9db2929b7fb88c91,0.29255504100001417,1056768,0,0,0,page_accounted_backing
random-d100-r256-rs21-gs12,14,flat,2.9024,1052672,2056.0,0xb7a9108205ed60d6,0.36221967799792765,1056768,1048576,1048576,0,page_accounted_backing
random-d100-r256-rs21-gs12,14,flat_assume_mapped,3.4983,1052672,2056.0,0xb7a9108205ed60d6,0.36221967799792765,1056768,1048576,1048576,0,page_accounted_backing
random-d100-r256-rs21-gs12,14,two_level,3.8653,2105344,4112.0,0xb7a9108205ed60d6,0.36221967799792765,1056768,1048576,1048576,0,page_accounted_backing
random-d100-r256-rs21-gs12,14,radix,6.4444,17833984,34832.0,0xb7a9108205ed60d6,0.36221967799792765,1056768,1048576,1048576,0,page_accounted_backing
random-d100-r256-rs21-gs12,14,cached_radix,7.1467,17834240,34832.5,0xb7a9108205ed60d6,0.36221967799792765,1056768,1048576,1048576,0,page_accounted_backing
random-d100-r256-rs21-gs12,14,memx_bounded,4.6065,1056768,2064.0,0xb7a9108205ed60d6,0.36221967799792765,1056768,1048576,1048576,0,page_accounted_backing
random-d100-r256-rs21-gs12,14,memx_bounded_assume_mapped,3.7208,1056768,2064.0,0xb7a9108205ed60d6,0.36221967799792765,1056768,1048576,1048576,0,page_accounted_backing
random-d100-r256-rs21-gs12,14,memx_bounded_trusted,3.405,1056768,2064.0,0xb7a9108205ed60d6,0.36221967799792765,1056768,1048576,1048576,0,page_accounted_backing
random-d100-r256-rs21-gs12,14,memx_bounded_branchless,4.6444,1056776,2064.02,0xb7a9108205ed60d6,0.36221967799792765,1056768,1048576,1048576,0,page_accounted_backing
random-d100-r256-rs21-gs12,14,memx_overlay_checked,4.927,1056768,2064.0,0xb7a9108205ed60d6,0.36221967799792765,1056768,1048576,1048576,0,page_accounted_backing
random-d100-r256-rs21-gs12,14,memx_overlay_trusted,3.1316,1056768,2064.0,0xb7a9108205ed60d6,0.36221967799792765,1056768,1048576,1048576,0,page_accounted_backing
random-d100-r256-rs21-gs12,14,memx_sparse,6.3243,1249280,2440.0,0xb7a9108205ed60d6,0.36221967799792765,1056768,1048576,1048576,0,page_accounted_backing
random-d100-r256-rs21-gs12,14,memx_flat_fallback,2.7331,1052672,2056.0,0xb7a9108205ed60d6,0.36221967799792765,1056768,1048576,1048576,0,page_accounted_backing
