case,repetition,structure,ns_per_lookup,metadata_bytes,bytes_per_managed_mib,checksum,elapsed_seconds
random-d100-r256-rs21-gs12,0,flat,2.9767,1048608,2048.06,0xb7a9108205ed60d6,0.38067335300002014
random-d100-r256-rs21-gs12,0,flat_assume_mapped,2.8458,1048608,2048.06,0xb7a9108205ed60d6,0.38067335300002014
random-d100-r256-rs21-gs12,0,two_level,3.9795,1052744,2056.14,0xb7a9108205ed60d6,0.38067335300002014
random-d100-r256-rs21-gs12,0,radix,6.6424,1083488,2116.19,0xb7a9108205ed60d6,0.38067335300002014
random-d100-r256-rs21-gs12,0,cached_radix,7.6682,1083744,2116.69,0xb7a9108205ed60d6,0.38067335300002014
random-d100-r256-rs21-gs12,0,memx_bounded,5.7134,1050824,2052.39,0xb7a9108205ed60d6,0.38067335300002014
random-d100-r256-rs21-gs12,0,memx_bounded_assume_mapped,4.0835,1050824,2052.39,0xb7a9108205ed60d6,0.38067335300002014
random-d100-r256-rs21-gs12,0,memx_bounded_trusted,3.9423,1050824,2052.39,0xb7a9108205ed60d6,0.38067335300002014
random-d100-r256-rs21-gs12,0,memx_bounded_branchless,4.8116,1050832,2052.41,0xb7a9108205ed60d6,0.38067335300002014
random-d100-r256-rs21-gs12,0,memx_overlay_checked,5.2646,1050824,2052.39,0xb7a9108205ed60d6,0.38067335300002014
random-d100-r256-rs21-gs12,0,memx_overlay_trusted,3.3076,1050824,2052.39,0xb7a9108205ed60d6,0.38067335300002014
random-d100-r256-rs21-gs12,0,memx_sparse,6.7342,1245384,2432.39,0xb7a9108205ed60d6,0.38067335300002014
random-d100-r256-rs21-gs12,0,memx_flat_fallback,2.8662,1048776,2048.39,0xb7a9108205ed60d6,0.38067335300002014
uniform-d0-r256-rs21-gs12,0,flat,2.9532,1048608,2048.06,0x9db2929b7fb88c91,0.3119285040011164
uniform-d0-r256-rs21-gs12,0,flat_assume_mapped,2.8477,1048608,2048.06,0x9db2929b7fb88c91,0.3119285040011164
uniform-d0-r256-rs21-gs12,0,two_level,3.9247,1052744,2056.14,0x9db2929b7fb88c91,0.3119285040011164
uniform-d0-r256-rs21-gs12,0,radix,6.9901,1083488,2116.19,0x9db2929b7fb88c91,0.3119285040011164
uniform-d0-r256-rs21-gs12,0,cached_radix,7.6733,1083744,2116.69,0x9db2929b7fb88c91,0.3119285040011164
uniform-d0-r256-rs21-gs12,0,memx_bounded,5.1562,2248,4.39,0x9db2929b7fb88c91,0.3119285040011164
uniform-d0-r256-rs21-gs12,0,memx_bounded_assume_mapped,2.2011,2248,4.39,0x9db2929b7fb88c91,0.3119285040011164
uniform-d0-r256-rs21-gs12,0,memx_bounded_trusted,2.1723,2248,4.39,0x9db2929b7fb88c91,0.3119285040011164
uniform-d0-r256-rs21-gs12,0,memx_bounded_branchless,3.0192,2256,4.41,0x9db2929b7fb88c91,0.3119285040011164
uniform-d0-r256-rs21-gs12,0,memx_overlay_checked,4.4746,2248,4.39,0x9db2929b7fb88c91,0.3119285040011164
uniform-d0-r256-rs21-gs12,0,memx_overlay_trusted,2.2027,2248,4.39,0x9db2929b7fb88c91,0.3119285040011164
uniform-d0-r256-rs21-gs12,0,memx_sparse,5.3611,196808,384.39,0x9db2929b7fb88c91,0.3119285040011164
random-d100-r256-rs21-gs12,1,flat,3.0289,1048608,2048.06,0xb7a9108205ed60d6,0.4025433289934881
random-d100-r256-rs21-gs12,1,flat_assume_mapped,2.8526,1048608,2048.06,0xb7a9108205ed60d6,0.4025433289934881
random-d100-r256-rs21-gs12,1,two_level,3.9756,1052744,2056.14,0xb7a9108205ed60d6,0.4025433289934881
random-d100-r256-rs21-gs12,1,radix,6.7414,1083488,2116.19,0xb7a9108205ed60d6,0.4025433289934881
random-d100-r256-rs21-gs12,1,cached_radix,7.4892,1083744,2116.69,0xb7a9108205ed60d6,0.4025433289934881
random-d100-r256-rs21-gs12,1,memx_bounded,5.5823,1050824,2052.39,0xb7a9108205ed60d6,0.4025433289934881
random-d100-r256-rs21-gs12,1,memx_bounded_assume_mapped,3.7652,1050824,2052.39,0xb7a9108205ed60d6,0.4025433289934881
random-d100-r256-rs21-gs12,1,memx_bounded_trusted,3.6319,1050824,2052.39,0xb7a9108205ed60d6,0.4025433289934881
random-d100-r256-rs21-gs12,1,memx_bounded_branchless,4.7992,1050832,2052.41,0xb7a9108205ed60d6,0.4025433289934881
random-d100-r256-rs21-gs12,1,memx_overlay_checked,5.2907,1050824,2052.39,0xb7a9108205ed60d6,0.4025433289934881
random-d100-r256-rs21-gs12,1,memx_overlay_trusted,6.2403,1050824,2052.39,0xb7a9108205ed60d6,0.4025433289934881
random-d100-r256-rs21-gs12,1,memx_sparse,8.2457,1245384,2432.39,0xb7a9108205ed60d6,0.4025433289934881
random-d100-r256-rs21-gs12,1,memx_flat_fallback,3.5345,1048776,2048.39,0xb7a9108205ed60d6,0.4025433289934881
uniform-d0-r256-rs21-gs12,1,flat,3.4156,1048608,2048.06,0x9db2929b7fb88c91,0.332322739996016
uniform-d0-r256-rs21-gs12,1,flat_assume_mapped,3.2145,1048608,2048.06,0x9db2929b7fb88c91,0.332322739996016
uniform-d0-r256-rs21-gs12,1,two_level,4.4973,1052744,2056.14,0x9db2929b7fb88c91,0.332322739996016
uniform-d0-r256-rs21-gs12,1,radix,6.978,1083488,2116.19,0x9db2929b7fb88c91,0.332322739996016
uniform-d0-r256-rs21-gs12,1,cached_radix,7.6994,1083744,2116.69,0x9db2929b7fb88c91,0.332322739996016
uniform-d0-r256-rs21-gs12,1,memx_bounded,5.2806,2248,4.39,0x9db2929b7fb88c91,0.332322739996016
uniform-d0-r256-rs21-gs12,1,memx_bounded_assume_mapped,2.2898,2248,4.39,0x9db2929b7fb88c91,0.332322739996016
uniform-d0-r256-rs21-gs12,1,memx_bounded_trusted,2.4364,2248,4.39,0x9db2929b7fb88c91,0.332322739996016
uniform-d0-r256-rs21-gs12,1,memx_bounded_branchless,3.0925,2256,4.41,0x9db2929b7fb88c91,0.332322739996016
uniform-d0-r256-rs21-gs12,1,memx_overlay_checked,4.6187,2248,4.39,0x9db2929b7fb88c91,0.332322739996016
uniform-d0-r256-rs21-gs12,1,memx_overlay_trusted,2.2811,2248,4.39,0x9db2929b7fb88c91,0.332322739996016
uniform-d0-r256-rs21-gs12,1,memx_sparse,5.6553,196808,384.39,0x9db2929b7fb88c91,0.332322739996016
uniform-d0-r256-rs21-gs12,2,flat,3.2076,1048608,2048.06,0x9db2929b7fb88c91,0.32204124200507067
uniform-d0-r256-rs21-gs12,2,flat_assume_mapped,3.1366,1048608,2048.06,0x9db2929b7fb88c91,0.32204124200507067
uniform-d0-r256-rs21-gs12,2,two_level,4.4432,1052744,2056.14,0x9db2929b7fb88c91,0.32204124200507067
uniform-d0-r256-rs21-gs12,2,radix,6.9121,1083488,2116.19,0x9db2929b7fb88c91,0.32204124200507067
uniform-d0-r256-rs21-gs12,2,cached_radix,7.924,1083744,2116.69,0x9db2929b7fb88c91,0.32204124200507067
uniform-d0-r256-rs21-gs12,2,memx_bounded,5.5382,2248,4.39,0x9db2929b7fb88c91,0.32204124200507067
uniform-d0-r256-rs21-gs12,2,memx_bounded_assume_mapped,2.2121,2248,4.39,0x9db2929b7fb88c91,0.32204124200507067
uniform-d0-r256-rs21-gs12,2,memx_bounded_trusted,2.17,2248,4.39,0x9db2929b7fb88c91,0.32204124200507067
uniform-d0-r256-rs21-gs12,2,memx_bounded_branchless,3.015,2256,4.41,0x9db2929b7fb88c91,0.32204124200507067
uniform-d0-r256-rs21-gs12,2,memx_overlay_checked,4.4204,2248,4.39,0x9db2929b7fb88c91,0.32204124200507067
uniform-d0-r256-rs21-gs12,2,memx_overlay_trusted,2.2232,2248,4.39,0x9db2929b7fb88c91,0.32204124200507067
uniform-d0-r256-rs21-gs12,2,memx_sparse,5.4929,196808,384.39,0x9db2929b7fb88c91,0.32204124200507067
random-d100-r256-rs21-gs12,2,flat,3.2465,1048608,2048.06,0xb7a9108205ed60d6,0.3876332539948635
random-d100-r256-rs21-gs12,2,flat_assume_mapped,3.1622,1048608,2048.06,0xb7a9108205ed60d6,0.3876332539948635
random-d100-r256-rs21-gs12,2,two_level,4.1486,1052744,2056.14,0xb7a9108205ed60d6,0.3876332539948635
random-d100-r256-rs21-gs12,2,radix,6.8752,1083488,2116.19,0xb7a9108205ed60d6,0.3876332539948635
random-d100-r256-rs21-gs12,2,cached_radix,8.2415,1083744,2116.69,0xb7a9108205ed60d6,0.3876332539948635
random-d100-r256-rs21-gs12,2,memx_bounded,6.0038,1050824,2052.39,0xb7a9108205ed60d6,0.3876332539948635
random-d100-r256-rs21-gs12,2,memx_bounded_assume_mapped,3.746,1050824,2052.39,0xb7a9108205ed60d6,0.3876332539948635
random-d100-r256-rs21-gs12,2,memx_bounded_trusted,4.0509,1050824,2052.39,0xb7a9108205ed60d6,0.3876332539948635
random-d100-r256-rs21-gs12,2,memx_bounded_branchless,4.9659,1050832,2052.41,0xb7a9108205ed60d6,0.3876332539948635
random-d100-r256-rs21-gs12,2,memx_overlay_checked,5.3204,1050824,2052.39,0xb7a9108205ed60d6,0.3876332539948635
random-d100-r256-rs21-gs12,2,memx_overlay_trusted,3.465,1050824,2052.39,0xb7a9108205ed60d6,0.3876332539948635
random-d100-r256-rs21-gs12,2,memx_sparse,6.2011,1245384,2432.39,0xb7a9108205ed60d6,0.3876332539948635
random-d100-r256-rs21-gs12,2,memx_flat_fallback,2.8845,1048776,2048.39,0xb7a9108205ed60d6,0.3876332539948635
random-d100-r256-rs21-gs12,3,flat,2.9629,1048608,2048.06,0xb7a9108205ed60d6,0.37360433399589965
random-d100-r256-rs21-gs12,3,flat_assume_mapped,3.0227,1048608,2048.06,0xb7a9108205ed60d6,0.37360433399589965
random-d100-r256-rs21-gs12,3,two_level,3.9406,1052744,2056.14,0xb7a9108205ed60d6,0.37360433399589965
random-d100-r256-rs21-gs12,3,radix,6.5269,1083488,2116.19,0xb7a9108205ed60d6,0.37360433399589965
random-d100-r256-rs21-gs12,3,cached_radix,7.4527,1083744,2116.69,0xb7a9108205ed60d6,0.37360433399589965
random-d100-r256-rs21-gs12,3,memx_bounded,5.693,1050824,2052.39,0xb7a9108205ed60d6,0.37360433399589965
random-d100-r256-rs21-gs12,3,memx_bounded_assume_mapped,3.7784,1050824,2052.39,0xb7a9108205ed60d6,0.37360433399589965
random-d100-r256-rs21-gs12,3,memx_bounded_trusted,3.5243,1050824,2052.39,0xb7a9108205ed60d6,0.37360433399589965
random-d100-r256-rs21-gs12,3,memx_bounded_branchless,4.6885,1050832,2052.41,0xb7a9108205ed60d6,0.37360433399589965
random-d100-r256-rs21-gs12,3,memx_overlay_checked,5.4025,1050824,2052.39,0xb7a9108205ed60d6,0.37360433399589965
random-d100-r256-rs21-gs12,3,memx_overlay_trusted,3.3501,1050824,2052.39,0xb7a9108205ed60d6,0.37360433399589965
random-d100-r256-rs21-gs12,3,memx_sparse,6.0277,1245384,2432.39,0xb7a9108205ed60d6,0.37360433399589965
random-d100-r256-rs21-gs12,3,memx_flat_fallback,3.0196,1048776,2048.39,0xb7a9108205ed60d6,0.37360433399589965
uniform-d0-r256-rs21-gs12,3,flat,2.9615,1048608,2048.06,0x9db2929b7fb88c91,0.31859234400326386
uniform-d0-r256-rs21-gs12,3,flat_assume_mapped,2.8833,1048608,2048.06,0x9db2929b7fb88c91,0.31859234400326386
uniform-d0-r256-rs21-gs12,3,two_level,4.2382,1052744,2056.14,0x9db2929b7fb88c91,0.31859234400326386
uniform-d0-r256-rs21-gs12,3,radix,7.5132,1083488,2116.19,0x9db2929b7fb88c91,0.31859234400326386
uniform-d0-r256-rs21-gs12,3,cached_radix,7.7592,1083744,2116.69,0x9db2929b7fb88c91,0.31859234400326386
uniform-d0-r256-rs21-gs12,3,memx_bounded,5.5702,2248,4.39,0x9db2929b7fb88c91,0.31859234400326386
uniform-d0-r256-rs21-gs12,3,memx_bounded_assume_mapped,2.243,2248,4.39,0x9db2929b7fb88c91,0.31859234400326386
uniform-d0-r256-rs21-gs12,3,memx_bounded_trusted,2.1734,2248,4.39,0x9db2929b7fb88c91,0.31859234400326386
uniform-d0-r256-rs21-gs12,3,memx_bounded_branchless,2.967,2256,4.41,0x9db2929b7fb88c91,0.31859234400326386
uniform-d0-r256-rs21-gs12,3,memx_overlay_checked,4.3665,2248,4.39,0x9db2929b7fb88c91,0.31859234400326386
uniform-d0-r256-rs21-gs12,3,memx_overlay_trusted,2.163,2248,4.39,0x9db2929b7fb88c91,0.31859234400326386
uniform-d0-r256-rs21-gs12,3,memx_sparse,5.5469,196808,384.39,0x9db2929b7fb88c91,0.31859234400326386
uniform-d0-r256-rs21-gs12,4,flat,3.0798,1048608,2048.06,0x9db2929b7fb88c91,0.35223303500242764
uniform-d0-r256-rs21-gs12,4,flat_assume_mapped,2.9946,1048608,2048.06,0x9db2929b7fb88c91,0.35223303500242764
uniform-d0-r256-rs21-gs12,4,two_level,4.1812,1052744,2056.14,0x9db2929b7fb88c91,0.35223303500242764
uniform-d0-r256-rs21-gs12,4,radix,6.7285,1083488,2116.19,0x9db2929b7fb88c91,0.35223303500242764
uniform-d0-r256-rs21-gs12,4,cached_radix,8.2096,1083744,2116.69,0x9db2929b7fb88c91,0.35223303500242764
uniform-d0-r256-rs21-gs12,4,memx_bounded,5.8298,2248,4.39,0x9db2929b7fb88c91,0.35223303500242764
uniform-d0-r256-rs21-gs12,4,memx_bounded_assume_mapped,2.3987,2248,4.39,0x9db2929b7fb88c91,0.35223303500242764
uniform-d0-r256-rs21-gs12,4,memx_bounded_trusted,2.8021,2248,4.39,0x9db2929b7fb88c91,0.35223303500242764
uniform-d0-r256-rs21-gs12,4,memx_bounded_branchless,4.8532,2256,4.41,0x9db2929b7fb88c91,0.35223303500242764
uniform-d0-r256-rs21-gs12,4,memx_overlay_checked,7.0127,2248,4.39,0x9db2929b7fb88c91,0.35223303500242764
uniform-d0-r256-rs21-gs12,4,memx_overlay_trusted,2.381,2248,4.39,0x9db2929b7fb88c91,0.35223303500242764
uniform-d0-r256-rs21-gs12,4,memx_sparse,6.4644,196808,384.39,0x9db2929b7fb88c91,0.35223303500242764
random-d100-r256-rs21-gs12,4,flat,3.313,1048608,2048.06,0xb7a9108205ed60d6,0.39736388599703787
random-d100-r256-rs21-gs12,4,flat_assume_mapped,3.062,1048608,2048.06,0xb7a9108205ed60d6,0.39736388599703787
random-d100-r256-rs21-gs12,4,two_level,4.2723,1052744,2056.14,0xb7a9108205ed60d6,0.39736388599703787
random-d100-r256-rs21-gs12,4,radix,7.3611,1083488,2116.19,0xb7a9108205ed60d6,0.39736388599703787
random-d100-r256-rs21-gs12,4,cached_radix,7.9025,1083744,2116.69,0xb7a9108205ed60d6,0.39736388599703787
random-d100-r256-rs21-gs12,4,memx_bounded,5.8711,1050824,2052.39,0xb7a9108205ed60d6,0.39736388599703787
random-d100-r256-rs21-gs12,4,memx_bounded_assume_mapped,4.07,1050824,2052.39,0xb7a9108205ed60d6,0.39736388599703787
random-d100-r256-rs21-gs12,4,memx_bounded_trusted,3.7186,1050824,2052.39,0xb7a9108205ed60d6,0.39736388599703787
random-d100-r256-rs21-gs12,4,memx_bounded_branchless,4.817,1050832,2052.41,0xb7a9108205ed60d6,0.39736388599703787
random-d100-r256-rs21-gs12,4,memx_overlay_checked,5.6222,1050824,2052.39,0xb7a9108205ed60d6,0.39736388599703787
random-d100-r256-rs21-gs12,4,memx_overlay_trusted,3.6524,1050824,2052.39,0xb7a9108205ed60d6,0.39736388599703787
random-d100-r256-rs21-gs12,4,memx_sparse,6.2772,1245384,2432.39,0xb7a9108205ed60d6,0.39736388599703787
random-d100-r256-rs21-gs12,4,memx_flat_fallback,3.0099,1048776,2048.39,0xb7a9108205ed60d6,0.39736388599703787
random-d100-r256-rs21-gs12,5,flat,3.2992,1048608,2048.06,0xb7a9108205ed60d6,0.3914742080014548
random-d100-r256-rs21-gs12,5,flat_assume_mapped,2.9877,1048608,2048.06,0xb7a9108205ed60d6,0.3914742080014548
random-d100-r256-rs21-gs12,5,two_level,4.4834,1052744,2056.14,0xb7a9108205ed60d6,0.3914742080014548
random-d100-r256-rs21-gs12,5,radix,6.8912,1083488,2116.19,0xb7a9108205ed60d6,0.3914742080014548
random-d100-r256-rs21-gs12,5,cached_radix,7.8004,1083744,2116.69,0xb7a9108205ed60d6,0.3914742080014548
random-d100-r256-rs21-gs12,5,memx_bounded,5.763,1050824,2052.39,0xb7a9108205ed60d6,0.3914742080014548
random-d100-r256-rs21-gs12,5,memx_bounded_assume_mapped,4.0775,1050824,2052.39,0xb7a9108205ed60d6,0.3914742080014548
random-d100-r256-rs21-gs12,5,memx_bounded_trusted,3.6399,1050824,2052.39,0xb7a9108205ed60d6,0.3914742080014548
random-d100-r256-rs21-gs12,5,memx_bounded_branchless,4.9749,1050832,2052.41,0xb7a9108205ed60d6,0.3914742080014548
random-d100-r256-rs21-gs12,5,memx_overlay_checked,5.6106,1050824,2052.39,0xb7a9108205ed60d6,0.3914742080014548
random-d100-r256-rs21-gs12,5,memx_overlay_trusted,3.447,1050824,2052.39,0xb7a9108205ed60d6,0.3914742080014548
random-d100-r256-rs21-gs12,5,memx_sparse,6.2449,1245384,2432.39,0xb7a9108205ed60d6,0.3914742080014548
random-d100-r256-rs21-gs12,5,memx_flat_fallback,3.0555,1048776,2048.39,0xb7a9108205ed60d6,0.3914742080014548
uniform-d0-r256-rs21-gs12,5,flat,3.3264,1048608,2048.06,0x9db2929b7fb88c91,0.33107539499906125
uniform-d0-r256-rs21-gs12,5,flat_assume_mapped,3.0775,1048608,2048.06,0x9db2929b7fb88c91,0.33107539499906125
uniform-d0-r256-rs21-gs12,5,two_level,4.3809,1052744,2056.14,0x9db2929b7fb88c91,0.33107539499906125
uniform-d0-r256-rs21-gs12,5,radix,7.0677,1083488,2116.19,0x9db2929b7fb88c91,0.33107539499906125
uniform-d0-r256-rs21-gs12,5,cached_radix,8.2337,1083744,2116.69,0x9db2929b7fb88c91,0.33107539499906125
uniform-d0-r256-rs21-gs12,5,memx_bounded,5.6481,2248,4.39,0x9db2929b7fb88c91,0.33107539499906125
uniform-d0-r256-rs21-gs12,5,memx_bounded_assume_mapped,2.3323,2248,4.39,0x9db2929b7fb88c91,0.33107539499906125
uniform-d0-r256-rs21-gs12,5,memx_bounded_trusted,2.6531,2248,4.39,0x9db2929b7fb88c91,0.33107539499906125
uniform-d0-r256-rs21-gs12,5,memx_bounded_branchless,3.2034,2256,4.41,0x9db2929b7fb88c91,0.33107539499906125
uniform-d0-r256-rs21-gs12,5,memx_overlay_checked,4.5613,2248,4.39,0x9db2929b7fb88c91,0.33107539499906125
uniform-d0-r256-rs21-gs12,5,memx_overlay_trusted,2.2428,2248,4.39,0x9db2929b7fb88c91,0.33107539499906125
uniform-d0-r256-rs21-gs12,5,memx_sparse,5.7291,196808,384.39,0x9db2929b7fb88c91,0.33107539499906125
uniform-d0-r256-rs21-gs12,6,flat,3.1452,1048608,2048.06,0x9db2929b7fb88c91,0.3294386810011929
uniform-d0-r256-rs21-gs12,6,flat_assume_mapped,3.0829,1048608,2048.06,0x9db2929b7fb88c91,0.3294386810011929
uniform-d0-r256-rs21-gs12,6,two_level,4.2233,1052744,2056.14,0x9db2929b7fb88c91,0.3294386810011929
uniform-d0-r256-rs21-gs12,6,radix,7.0582,1083488,2116.19,0x9db2929b7fb88c91,0.3294386810011929
uniform-d0-r256-rs21-gs12,6,cached_radix,8.0272,1083744,2116.69,0x9db2929b7fb88c91,0.3294386810011929
uniform-d0-r256-rs21-gs12,6,memx_bounded,5.6263,2248,4.39,0x9db2929b7fb88c91,0.3294386810011929
uniform-d0-r256-rs21-gs12,6,memx_bounded_assume_mapped,2.6467,2248,4.39,0x9db2929b7fb88c91,0.3294386810011929
uniform-d0-r256-rs21-gs12,6,memx_bounded_trusted,2.4517,2248,4.39,0x9db2929b7fb88c91,0.3294386810011929
uniform-d0-r256-rs21-gs12,6,memx_bounded_branchless,3.1324,2256,4.41,0x9db2929b7fb88c91,0.3294386810011929
uniform-d0-r256-rs21-gs12,6,memx_overlay_checked,4.6273,2248,4.39,0x9db2929b7fb88c91,0.3294386810011929
uniform-d0-r256-rs21-gs12,6,memx_overlay_trusted,2.2678,2248,4.39,0x9db2929b7fb88c91,0.3294386810011929
uniform-d0-r256-rs21-gs12,6,memx_sparse,6.0231,196808,384.39,0x9db2929b7fb88c91,0.3294386810011929
random-d100-r256-rs21-gs12,6,flat,3.5208,1048608,2048.06,0xb7a9108205ed60d6,0.4053457280024304
random-d100-r256-rs21-gs12,6,flat_assume_mapped,3.0697,1048608,2048.06,0xb7a9108205ed60d6,0.4053457280024304
random-d100-r256-rs21-gs12,6,two_level,4.6395,1052744,2056.14,0xb7a9108205ed60d6,0.4053457280024304
random-d100-r256-rs21-gs12,6,radix,6.6783,1083488,2116.19,0xb7a9108205ed60d6,0.4053457280024304
random-d100-r256-rs21-gs12,6,cached_radix,9.3215,1083744,2116.69,0xb7a9108205ed60d6,0.4053457280024304
random-d100-r256-rs21-gs12,6,memx_bounded,6.2709,1050824,2052.39,0xb7a9108205ed60d6,0.4053457280024304
random-d100-r256-rs21-gs12,6,memx_bounded_assume_mapped,4.1059,1050824,2052.39,0xb7a9108205ed60d6,0.4053457280024304
random-d100-r256-rs21-gs12,6,memx_bounded_trusted,3.9407,1050824,2052.39,0xb7a9108205ed60d6,0.4053457280024304
random-d100-r256-rs21-gs12,6,memx_bounded_branchless,4.9874,1050832,2052.41,0xb7a9108205ed60d6,0.4053457280024304
random-d100-r256-rs21-gs12,6,memx_overlay_checked,5.7523,1050824,2052.39,0xb7a9108205ed60d6,0.4053457280024304
random-d100-r256-rs21-gs12,6,memx_overlay_trusted,3.4963,1050824,2052.39,0xb7a9108205ed60d6,0.4053457280024304
random-d100-r256-rs21-gs12,6,memx_sparse,6.5339,1245384,2432.39,0xb7a9108205ed60d6,0.4053457280024304
random-d100-r256-rs21-gs12,6,memx_flat_fallback,2.9848,1048776,2048.39,0xb7a9108205ed60d6,0.4053457280024304
random-d100-r256-rs21-gs12,7,flat,3.396,1048608,2048.06,0xb7a9108205ed60d6,0.3888901120008086
random-d100-r256-rs21-gs12,7,flat_assume_mapped,3.007,1048608,2048.06,0xb7a9108205ed60d6,0.3888901120008086
random-d100-r256-rs21-gs12,7,two_level,4.2141,1052744,2056.14,0xb7a9108205ed60d6,0.3888901120008086
random-d100-r256-rs21-gs12,7,radix,6.8644,1083488,2116.19,0xb7a9108205ed60d6,0.3888901120008086
random-d100-r256-rs21-gs12,7,cached_radix,7.9074,1083744,2116.69,0xb7a9108205ed60d6,0.3888901120008086
random-d100-r256-rs21-gs12,7,memx_bounded,5.8371,1050824,2052.39,0xb7a9108205ed60d6,0.3888901120008086
random-d100-r256-rs21-gs12,7,memx_bounded_assume_mapped,3.9576,1050824,2052.39,0xb7a9108205ed60d6,0.3888901120008086
random-d100-r256-rs21-gs12,7,memx_bounded_trusted,3.7063,1050824,2052.39,0xb7a9108205ed60d6,0.3888901120008086
random-d100-r256-rs21-gs12,7,memx_bounded_branchless,4.9157,1050832,2052.41,0xb7a9108205ed60d6,0.3888901120008086
random-d100-r256-rs21-gs12,7,memx_overlay_checked,5.5483,1050824,2052.39,0xb7a9108205ed60d6,0.3888901120008086
random-d100-r256-rs21-gs12,7,memx_overlay_trusted,3.4275,1050824,2052.39,0xb7a9108205ed60d6,0.3888901120008086
random-d100-r256-rs21-gs12,7,memx_sparse,6.2651,1245384,2432.39,0xb7a9108205ed60d6,0.3888901120008086
random-d100-r256-rs21-gs12,7,memx_flat_fallback,2.9494,1048776,2048.39,0xb7a9108205ed60d6,0.3888901120008086
uniform-d0-r256-rs21-gs12,7,flat,3.1568,1048608,2048.06,0x9db2929b7fb88c91,0.3335944969949196
uniform-d0-r256-rs21-gs12,7,flat_assume_mapped,3.2566,1048608,2048.06,0x9db2929b7fb88c91,0.3335944969949196
uniform-d0-r256-rs21-gs12,7,two_level,4.4343,1052744,2056.14,0x9db2929b7fb88c91,0.3335944969949196
uniform-d0-r256-rs21-gs12,7,radix,7.123,1083488,2116.19,0x9db2929b7fb88c91,0.3335944969949196
uniform-d0-r256-rs21-gs12,7,cached_radix,8.0934,1083744,2116.69,0x9db2929b7fb88c91,0.3335944969949196
uniform-d0-r256-rs21-gs12,7,memx_bounded,5.8477,2248,4.39,0x9db2929b7fb88c91,0.3335944969949196
uniform-d0-r256-rs21-gs12,7,memx_bounded_assume_mapped,2.2977,2248,4.39,0x9db2929b7fb88c91,0.3335944969949196
uniform-d0-r256-rs21-gs12,7,memx_bounded_trusted,2.3335,2248,4.39,0x9db2929b7fb88c91,0.3335944969949196
uniform-d0-r256-rs21-gs12,7,memx_bounded_branchless,3.3379,2256,4.41,0x9db2929b7fb88c91,0.3335944969949196
uniform-d0-r256-rs21-gs12,7,memx_overlay_checked,4.8404,2248,4.39,0x9db2929b7fb88c91,0.3335944969949196
uniform-d0-r256-rs21-gs12,7,memx_overlay_trusted,2.3538,2248,4.39,0x9db2929b7fb88c91,0.3335944969949196
uniform-d0-r256-rs21-gs12,7,memx_sparse,5.9053,196808,384.39,0x9db2929b7fb88c91,0.3335944969949196
uniform-d0-r256-rs21-gs12,8,flat,3.1256,1048608,2048.06,0x9db2929b7fb88c91,0.3345478949995595
uniform-d0-r256-rs21-gs12,8,flat_assume_mapped,3.2283,1048608,2048.06,0x9db2929b7fb88c91,0.3345478949995595
uniform-d0-r256-rs21-gs12,8,two_level,4.9161,1052744,2056.14,0x9db2929b7fb88c91,0.3345478949995595
uniform-d0-r256-rs21-gs12,8,radix,6.7528,1083488,2116.19,0x9db2929b7fb88c91,0.3345478949995595
uniform-d0-r256-rs21-gs12,8,cached_radix,8.1088,1083744,2116.69,0x9db2929b7fb88c91,0.3345478949995595
uniform-d0-r256-rs21-gs12,8,memx_bounded,5.5713,2248,4.39,0x9db2929b7fb88c91,0.3345478949995595
uniform-d0-r256-rs21-gs12,8,memx_bounded_assume_mapped,2.3821,2248,4.39,0x9db2929b7fb88c91,0.3345478949995595
uniform-d0-r256-rs21-gs12,8,memx_bounded_trusted,2.374,2248,4.39,0x9db2929b7fb88c91,0.3345478949995595
uniform-d0-r256-rs21-gs12,8,memx_bounded_branchless,3.1672,2256,4.41,0x9db2929b7fb88c91,0.3345478949995595
uniform-d0-r256-rs21-gs12,8,memx_overlay_checked,4.8715,2248,4.39,0x9db2929b7fb88c91,0.3345478949995595
uniform-d0-r256-rs21-gs12,8,memx_overlay_trusted,2.7063,2248,4.39,0x9db2929b7fb88c91,0.3345478949995595
uniform-d0-r256-rs21-gs12,8,memx_sparse,5.7631,196808,384.39,0x9db2929b7fb88c91,0.3345478949995595
random-d100-r256-rs21-gs12,8,flat,3.1962,1048608,2048.06,0xb7a9108205ed60d6,0.39881229299498955
random-d100-r256-rs21-gs12,8,flat_assume_mapped,3.0737,1048608,2048.06,0xb7a9108205ed60d6,0.39881229299498955
random-d100-r256-rs21-gs12,8,two_level,4.2246,1052744,2056.14,0xb7a9108205ed60d6,0.39881229299498955
random-d100-r256-rs21-gs12,8,radix,6.9494,1083488,2116.19,0xb7a9108205ed60d6,0.39881229299498955
random-d100-r256-rs21-gs12,8,cached_radix,7.9554,1083744,2116.69,0xb7a9108205ed60d6,0.39881229299498955
random-d100-r256-rs21-gs12,8,memx_bounded,5.9639,1050824,2052.39,0xb7a9108205ed60d6,0.39881229299498955
random-d100-r256-rs21-gs12,8,memx_bounded_assume_mapped,4.1392,1050824,2052.39,0xb7a9108205ed60d6,0.39881229299498955
random-d100-r256-rs21-gs12,8,memx_bounded_trusted,4.1293,1050824,2052.39,0xb7a9108205ed60d6,0.39881229299498955
random-d100-r256-rs21-gs12,8,memx_bounded_branchless,5.2468,1050832,2052.41,0xb7a9108205ed60d6,0.39881229299498955
random-d100-r256-rs21-gs12,8,memx_overlay_checked,5.659,1050824,2052.39,0xb7a9108205ed60d6,0.39881229299498955
random-d100-r256-rs21-gs12,8,memx_overlay_trusted,3.9281,1050824,2052.39,0xb7a9108205ed60d6,0.39881229299498955
random-d100-r256-rs21-gs12,8,memx_sparse,6.4995,1245384,2432.39,0xb7a9108205ed60d6,0.39881229299498955
random-d100-r256-rs21-gs12,8,memx_flat_fallback,3.0428,1048776,2048.39,0xb7a9108205ed60d6,0.39881229299498955
random-d100-r256-rs21-gs12,9,flat,3.3648,1048608,2048.06,0xb7a9108205ed60d6,0.40311189900239697
random-d100-r256-rs21-gs12,9,flat_assume_mapped,2.9439,1048608,2048.06,0xb7a9108205ed60d6,0.40311189900239697
random-d100-r256-rs21-gs12,9,two_level,4.2674,1052744,2056.14,0xb7a9108205ed60d6,0.40311189900239697
random-d100-r256-rs21-gs12,9,radix,6.9515,1083488,2116.19,0xb7a9108205ed60d6,0.40311189900239697
random-d100-r256-rs21-gs12,9,cached_radix,8.1819,1083744,2116.69,0xb7a9108205ed60d6,0.40311189900239697
random-d100-r256-rs21-gs12,9,memx_bounded,5.9607,1050824,2052.39,0xb7a9108205ed60d6,0.40311189900239697
random-d100-r256-rs21-gs12,9,memx_bounded_assume_mapped,4.3264,1050824,2052.39,0xb7a9108205ed60d6,0.40311189900239697
random-d100-r256-rs21-gs12,9,memx_bounded_trusted,4.1863,1050824,2052.39,0xb7a9108205ed60d6,0.40311189900239697
random-d100-r256-rs21-gs12,9,memx_bounded_branchless,5.0584,1050832,2052.41,0xb7a9108205ed60d6,0.40311189900239697
random-d100-r256-rs21-gs12,9,memx_overlay_checked,6.0979,1050824,2052.39,0xb7a9108205ed60d6,0.40311189900239697
random-d100-r256-rs21-gs12,9,memx_overlay_trusted,3.8985,1050824,2052.39,0xb7a9108205ed60d6,0.40311189900239697
random-d100-r256-rs21-gs12,9,memx_sparse,6.6269,1245384,2432.39,0xb7a9108205ed60d6,0.40311189900239697
random-d100-r256-rs21-gs12,9,memx_flat_fallback,3.1512,1048776,2048.39,0xb7a9108205ed60d6,0.40311189900239697
uniform-d0-r256-rs21-gs12,9,flat,3.2147,1048608,2048.06,0x9db2929b7fb88c91,0.32664705099887215
uniform-d0-r256-rs21-gs12,9,flat_assume_mapped,3.1708,1048608,2048.06,0x9db2929b7fb88c91,0.32664705099887215
uniform-d0-r256-rs21-gs12,9,two_level,4.1624,1052744,2056.14,0x9db2929b7fb88c91,0.32664705099887215
uniform-d0-r256-rs21-gs12,9,radix,7.0966,1083488,2116.19,0x9db2929b7fb88c91,0.32664705099887215
uniform-d0-r256-rs21-gs12,9,cached_radix,8.008,1083744,2116.69,0x9db2929b7fb88c91,0.32664705099887215
uniform-d0-r256-rs21-gs12,9,memx_bounded,5.6046,2248,4.39,0x9db2929b7fb88c91,0.32664705099887215
uniform-d0-r256-rs21-gs12,9,memx_bounded_assume_mapped,2.315,2248,4.39,0x9db2929b7fb88c91,0.32664705099887215
uniform-d0-r256-rs21-gs12,9,memx_bounded_trusted,2.6247,2248,4.39,0x9db2929b7fb88c91,0.32664705099887215
uniform-d0-r256-rs21-gs12,9,memx_bounded_branchless,3.1791,2256,4.41,0x9db2929b7fb88c91,0.32664705099887215
uniform-d0-r256-rs21-gs12,9,memx_overlay_checked,4.5098,2248,4.39,0x9db2929b7fb88c91,0.32664705099887215
uniform-d0-r256-rs21-gs12,9,memx_overlay_trusted,2.2802,2248,4.39,0x9db2929b7fb88c91,0.32664705099887215
uniform-d0-r256-rs21-gs12,9,memx_sparse,5.5128,196808,384.39,0x9db2929b7fb88c91,0.32664705099887215
uniform-d0-r256-rs21-gs12,10,flat,3.3054,1048608,2048.06,0x9db2929b7fb88c91,0.32554429399897344
uniform-d0-r256-rs21-gs12,10,flat_assume_mapped,3.1903,1048608,2048.06,0x9db2929b7fb88c91,0.32554429399897344
uniform-d0-r256-rs21-gs12,10,two_level,4.4267,1052744,2056.14,0x9db2929b7fb88c91,0.32554429399897344
uniform-d0-r256-rs21-gs12,10,radix,7.2816,1083488,2116.19,0x9db2929b7fb88c91,0.32554429399897344
uniform-d0-r256-rs21-gs12,10,cached_radix,8.1376,1083744,2116.69,0x9db2929b7fb88c91,0.32554429399897344
uniform-d0-r256-rs21-gs12,10,memx_bounded,5.5181,2248,4.39,0x9db2929b7fb88c91,0.32554429399897344
uniform-d0-r256-rs21-gs12,10,memx_bounded_assume_mapped,2.1836,2248,4.39,0x9db2929b7fb88c91,0.32554429399897344
uniform-d0-r256-rs21-gs12,10,memx_bounded_trusted,2.1653,2248,4.39,0x9db2929b7fb88c91,0.32554429399897344
uniform-d0-r256-rs21-gs12,10,memx_bounded_branchless,3.0063,2256,4.41,0x9db2929b7fb88c91,0.32554429399897344
uniform-d0-r256-rs21-gs12,10,memx_overlay_checked,4.4476,2248,4.39,0x9db2929b7fb88c91,0.32554429399897344
uniform-d0-r256-rs21-gs12,10,memx_overlay_trusted,2.2389,2248,4.39,0x9db2929b7fb88c91,0.32554429399897344
uniform-d0-r256-rs21-gs12,10,memx_sparse,5.6385,196808,384.39,0x9db2929b7fb88c91,0.32554429399897344
random-d100-r256-rs21-gs12,10,flat,3.1601,1048608,2048.06,0xb7a9108205ed60d6,0.39742314699833514
random-d100-r256-rs21-gs12,10,flat_assume_mapped,3.2945,1048608,2048.06,0xb7a9108205ed60d6,0.39742314699833514
random-d100-r256-rs21-gs12,10,two_level,4.6012,1052744,2056.14,0xb7a9108205ed60d6,0.39742314699833514
random-d100-r256-rs21-gs12,10,radix,7.4318,1083488,2116.19,0xb7a9108205ed60d6,0.39742314699833514
random-d100-r256-rs21-gs12,10,cached_radix,8.0286,1083744,2116.69,0xb7a9108205ed60d6,0.39742314699833514
random-d100-r256-rs21-gs12,10,memx_bounded,6.0127,1050824,2052.39,0xb7a9108205ed60d6,0.39742314699833514
random-d100-r256-rs21-gs12,10,memx_bounded_assume_mapped,3.819,1050824,2052.39,0xb7a9108205ed60d6,0.39742314699833514
random-d100-r256-rs21-gs12,10,memx_bounded_trusted,3.6938,1050824,2052.39,0xb7a9108205ed60d6,0.39742314699833514
random-d100-r256-rs21-gs12,10,memx_bounded_branchless,5.0105,1050832,2052.41,0xb7a9108205ed60d6,0.39742314699833514
random-d100-r256-rs21-gs12,10,memx_overlay_checked,5.8201,1050824,2052.39,0xb7a9108205ed60d6,0.39742314699833514
random-d100-r256-rs21-gs12,10,memx_overlay_trusted,3.6443,1050824,2052.39,0xb7a9108205ed60d6,0.39742314699833514
random-d100-r256-rs21-gs12,10,memx_sparse,6.4499,1245384,2432.39,0xb7a9108205ed60d6,0.39742314699833514
random-d100-r256-rs21-gs12,10,memx_flat_fallback,3.2073,1048776,2048.39,0xb7a9108205ed60d6,0.39742314699833514
uniform-d0-r256-rs21-gs12,11,flat,3.0376,1048608,2048.06,0x9db2929b7fb88c91,0.3271334720047889
uniform-d0-r256-rs21-gs12,11,flat_assume_mapped,3.0815,1048608,2048.06,0x9db2929b7fb88c91,0.3271334720047889
uniform-d0-r256-rs21-gs12,11,two_level,4.0794,1052744,2056.14,0x9db2929b7fb88c91,0.3271334720047889
uniform-d0-r256-rs21-gs12,11,radix,7.6768,1083488,2116.19,0x9db2929b7fb88c91,0.3271334720047889
uniform-d0-r256-rs21-gs12,11,cached_radix,8.0963,1083744,2116.69,0x9db2929b7fb88c91,0.3271334720047889
uniform-d0-r256-rs21-gs12,11,memx_bounded,5.4743,2248,4.39,0x9db2929b7fb88c91,0.3271334720047889
uniform-d0-r256-rs21-gs12,11,memx_bounded_assume_mapped,2.3596,2248,4.39,0x9db2929b7fb88c91,0.3271334720047889
uniform-d0-r256-rs21-gs12,11,memx_bounded_trusted,2.3038,2248,4.39,0x9db2929b7fb88c91,0.3271334720047889
uniform-d0-r256-rs21-gs12,11,memx_bounded_branchless,3.1249,2256,4.41,0x9db2929b7fb88c91,0.3271334720047889
uniform-d0-r256-rs21-gs12,11,memx_overlay_checked,4.5495,2248,4.39,0x9db2929b7fb88c91,0.3271334720047889
uniform-d0-r256-rs21-gs12,11,memx_overlay_trusted,2.3307,2248,4.39,0x9db2929b7fb88c91,0.3271334720047889
uniform-d0-r256-rs21-gs12,11,memx_sparse,5.6702,196808,384.39,0x9db2929b7fb88c91,0.3271334720047889
random-d100-r256-rs21-gs12,11,flat,3.1525,1048608,2048.06,0xb7a9108205ed60d6,0.3991781320000882
random-d100-r256-rs21-gs12,11,flat_assume_mapped,3.0855,1048608,2048.06,0xb7a9108205ed60d6,0.3991781320000882
random-d100-r256-rs21-gs12,11,two_level,4.2085,1052744,2056.14,0xb7a9108205ed60d6,0.3991781320000882
random-d100-r256-rs21-gs12,11,radix,6.8453,1083488,2116.19,0xb7a9108205ed60d6,0.3991781320000882
random-d100-r256-rs21-gs12,11,cached_radix,7.8398,1083744,2116.69,0xb7a9108205ed60d6,0.3991781320000882
random-d100-r256-rs21-gs12,11,memx_bounded,5.8689,1050824,2052.39,0xb7a9108205ed60d6,0.3991781320000882
random-d100-r256-rs21-gs12,11,memx_bounded_assume_mapped,4.0405,1050824,2052.39,0xb7a9108205ed60d6,0.3991781320000882
random-d100-r256-rs21-gs12,11,memx_bounded_trusted,3.8288,1050824,2052.39,0xb7a9108205ed60d6,0.3991781320000882
random-d100-r256-rs21-gs12,11,memx_bounded_branchless,5.1182,1050832,2052.41,0xb7a9108205ed60d6,0.3991781320000882
random-d100-r256-rs21-gs12,11,memx_overlay_checked,6.676,1050824,2052.39,0xb7a9108205ed60d6,0.3991781320000882
random-d100-r256-rs21-gs12,11,memx_overlay_trusted,3.5745,1050824,2052.39,0xb7a9108205ed60d6,0.3991781320000882
random-d100-r256-rs21-gs12,11,memx_sparse,6.4989,1245384,2432.39,0xb7a9108205ed60d6,0.3991781320000882
random-d100-r256-rs21-gs12,11,memx_flat_fallback,3.3146,1048776,2048.39,0xb7a9108205ed60d6,0.3991781320000882
uniform-d0-r256-rs21-gs12,12,flat,3.2075,1048608,2048.06,0x9db2929b7fb88c91,0.3288733730005333
uniform-d0-r256-rs21-gs12,12,flat_assume_mapped,3.2094,1048608,2048.06,0x9db2929b7fb88c91,0.3288733730005333
uniform-d0-r256-rs21-gs12,12,two_level,4.3584,1052744,2056.14,0x9db2929b7fb88c91,0.3288733730005333
uniform-d0-r256-rs21-gs12,12,radix,7.1746,1083488,2116.19,0x9db2929b7fb88c91,0.3288733730005333
uniform-d0-r256-rs21-gs12,12,cached_radix,8.1588,1083744,2116.69,0x9db2929b7fb88c91,0.3288733730005333
uniform-d0-r256-rs21-gs12,12,memx_bounded,5.4376,2248,4.39,0x9db2929b7fb88c91,0.3288733730005333
uniform-d0-r256-rs21-gs12,12,memx_bounded_assume_mapped,2.3853,2248,4.39,0x9db2929b7fb88c91,0.3288733730005333
uniform-d0-r256-rs21-gs12,12,memx_bounded_trusted,2.3191,2248,4.39,0x9db2929b7fb88c91,0.3288733730005333
uniform-d0-r256-rs21-gs12,12,memx_bounded_branchless,3.2662,2256,4.41,0x9db2929b7fb88c91,0.3288733730005333
uniform-d0-r256-rs21-gs12,12,memx_overlay_checked,4.6868,2248,4.39,0x9db2929b7fb88c91,0.3288733730005333
uniform-d0-r256-rs21-gs12,12,memx_overlay_trusted,2.2661,2248,4.39,0x9db2929b7fb88c91,0.3288733730005333
uniform-d0-r256-rs21-gs12,12,memx_sparse,5.6508,196808,384.39,0x9db2929b7fb88c91,0.3288733730005333
random-d100-r256-rs21-gs12,12,flat,3.2858,1048608,2048.06,0xb7a9108205ed60d6,0.3956096890033223
random-d100-r256-rs21-gs12,12,flat_assume_mapped,3.1812,1048608,2048.06,0xb7a9108205ed60d6,0.3956096890033223
random-d100-r256-rs21-gs12,12,two_level,4.3023,1052744,2056.14,0xb7a9108205ed60d6,0.3956096890033223
random-d100-r256-rs21-gs12,12,radix,7.1297,1083488,2116.19,0xb7a9108205ed60d6,0.3956096890033223
random-d100-r256-rs21-gs12,12,cached_radix,8.026,1083744,2116.69,0xb7a9108205ed60d6,0.3956096890033223
random-d100-r256-rs21-gs12,12,memx_bounded,6.1888,1050824,2052.39,0xb7a9108205ed60d6,0.3956096890033223
random-d100-r256-rs21-gs12,12,memx_bounded_assume_mapped,4.0971,1050824,2052.39,0xb7a9108205ed60d6,0.3956096890033223
random-d100-r256-rs21-gs12,12,memx_bounded_trusted,3.7108,1050824,2052.39,0xb7a9108205ed60d6,0.3956096890033223
random-d100-r256-rs21-gs12,12,memx_bounded_branchless,4.792,1050832,2052.41,0xb7a9108205ed60d6,0.3956096890033223
random-d100-r256-rs21-gs12,12,memx_overlay_checked,5.4407,1050824,2052.39,0xb7a9108205ed60d6,0.3956096890033223
random-d100-r256-rs21-gs12,12,memx_overlay_trusted,3.5479,1050824,2052.39,0xb7a9108205ed60d6,0.3956096890033223
random-d100-r256-rs21-gs12,12,memx_sparse,6.4364,1245384,2432.39,0xb7a9108205ed60d6,0.3956096890033223
random-d100-r256-rs21-gs12,12,memx_flat_fallback,2.9099,1048776,2048.39,0xb7a9108205ed60d6,0.3956096890033223
uniform-d0-r256-rs21-gs12,13,flat,3.1855,1048608,2048.06,0x9db2929b7fb88c91,0.33466422100173077
uniform-d0-r256-rs21-gs12,13,flat_assume_mapped,4.5429,1048608,2048.06,0x9db2929b7fb88c91,0.33466422100173077
uniform-d0-r256-rs21-gs12,13,two_level,5.522,1052744,2056.14,0x9db2929b7fb88c91,0.33466422100173077
uniform-d0-r256-rs21-gs12,13,radix,6.8187,1083488,2116.19,0x9db2929b7fb88c91,0.33466422100173077
uniform-d0-r256-rs21-gs12,13,cached_radix,7.809,1083744,2116.69,0x9db2929b7fb88c91,0.33466422100173077
uniform-d0-r256-rs21-gs12,13,memx_bounded,5.3085,2248,4.39,0x9db2929b7fb88c91,0.33466422100173077
uniform-d0-r256-rs21-gs12,13,memx_bounded_assume_mapped,2.2583,2248,4.39,0x9db2929b7fb88c91,0.33466422100173077
uniform-d0-r256-rs21-gs12,13,memx_bounded_trusted,2.3064,2248,4.39,0x9db2929b7fb88c91,0.33466422100173077
uniform-d0-r256-rs21-gs12,13,memx_bounded_branchless,3.0847,2256,4.41,0x9db2929b7fb88c91,0.33466422100173077
uniform-d0-r256-rs21-gs12,13,memx_overlay_checked,4.4711,2248,4.39,0x9db2929b7fb88c91,0.33466422100173077
uniform-d0-r256-rs21-gs12,13,memx_overlay_trusted,2.2803,2248,4.39,0x9db2929b7fb88c91,0.33466422100173077
uniform-d0-r256-rs21-gs12,13,memx_sparse,5.6018,196808,384.39,0x9db2929b7fb88c91,0.33466422100173077
random-d100-r256-rs21-gs12,13,flat,3.0612,1048608,2048.06,0xb7a9108205ed60d6,0.3846692490042187
random-d100-r256-rs21-gs12,13,flat_assume_mapped,3.1405,1048608,2048.06,0xb7a9108205ed60d6,0.3846692490042187
random-d100-r256-rs21-gs12,13,two_level,4.1493,1052744,2056.14,0xb7a9108205ed60d6,0.3846692490042187
random-d100-r256-rs21-gs12,13,radix,6.7236,1083488,2116.19,0xb7a9108205ed60d6,0.3846692490042187
random-d100-r256-rs21-gs12,13,cached_radix,7.672,1083744,2116.69,0xb7a9108205ed60d6,0.3846692490042187
random-d100-r256-rs21-gs12,13,memx_bounded,5.743,1050824,2052.39,0xb7a9108205ed60d6,0.3846692490042187
random-d100-r256-rs21-gs12,13,memx_bounded_assume_mapped,3.8335,1050824,2052.39,0xb7a9108205ed60d6,0.3846692490042187
random-d100-r256-rs21-gs12,13,memx_bounded_trusted,3.6516,1050824,2052.39,0xb7a9108205ed60d6,0.3846692490042187
random-d100-r256-rs21-gs12,13,memx_bounded_branchless,4.8631,1050832,2052.41,0xb7a9108205ed60d6,0.3846692490042187
random-d100-r256-rs21-gs12,13,memx_overlay_checked,5.6498,1050824,2052.39,0xb7a9108205ed60d6,0.3846692490042187
random-d100-r256-rs21-gs12,13,memx_overlay_trusted,3.5016,1050824,2052.39,0xb7a9108205ed60d6,0.3846692490042187
random-d100-r256-rs21-gs12,13,memx_sparse,6.335,1245384,2432.39,0xb7a9108205ed60d6,0.3846692490042187
random-d100-r256-rs21-gs12,13,memx_flat_fallback,2.8974,1048776,2048.39,0xb7a9108205ed60d6,0.3846692490042187
uniform-d0-r256-rs21-gs12,14,flat,3.0494,1048608,2048.06,0x9db2929b7fb88c91,0.3184229460021015
uniform-d0-r256-rs21-gs12,14,flat_assume_mapped,3.1136,1048608,2048.06,0x9db2929b7fb88c91,0.3184229460021015
uniform-d0-r256-rs21-gs12,14,two_level,4.1764,1052744,2056.14,0x9db2929b7fb88c91,0.3184229460021015
uniform-d0-r256-rs21-gs12,14,radix,6.7156,1083488,2116.19,0x9db2929b7fb88c91,0.3184229460021015
uniform-d0-r256-rs21-gs12,14,cached_radix,7.8511,1083744,2116.69,0x9db2929b7fb88c91,0.3184229460021015
uniform-d0-r256-rs21-gs12,14,memx_bounded,5.3496,2248,4.39,0x9db2929b7fb88c91,0.3184229460021015
uniform-d0-r256-rs21-gs12,14,memx_bounded_assume_mapped,2.2438,2248,4.39,0x9db2929b7fb88c91,0.3184229460021015
uniform-d0-r256-rs21-gs12,14,memx_bounded_trusted,2.1793,2248,4.39,0x9db2929b7fb88c91,0.3184229460021015
uniform-d0-r256-rs21-gs12,14,memx_bounded_branchless,3.0498,2256,4.41,0x9db2929b7fb88c91,0.3184229460021015
uniform-d0-r256-rs21-gs12,14,memx_overlay_checked,4.5252,2248,4.39,0x9db2929b7fb88c91,0.3184229460021015
uniform-d0-r256-rs21-gs12,14,memx_overlay_trusted,2.2722,2248,4.39,0x9db2929b7fb88c91,0.3184229460021015
uniform-d0-r256-rs21-gs12,14,memx_sparse,5.7134,196808,384.39,0x9db2929b7fb88c91,0.3184229460021015
random-d100-r256-rs21-gs12,14,flat,3.1616,1048608,2048.06,0xb7a9108205ed60d6,0.3965660260000732
random-d100-r256-rs21-gs12,14,flat_assume_mapped,3.1484,1048608,2048.06,0xb7a9108205ed60d6,0.3965660260000732
random-d100-r256-rs21-gs12,14,two_level,4.2402,1052744,2056.14,0xb7a9108205ed60d6,0.3965660260000732
random-d100-r256-rs21-gs12,14,radix,7.143,1083488,2116.19,0xb7a9108205ed60d6,0.3965660260000732
random-d100-r256-rs21-gs12,14,cached_radix,7.9503,1083744,2116.69,0xb7a9108205ed60d6,0.3965660260000732
random-d100-r256-rs21-gs12,14,memx_bounded,5.9164,1050824,2052.39,0xb7a9108205ed60d6,0.3965660260000732
random-d100-r256-rs21-gs12,14,memx_bounded_assume_mapped,3.9596,1050824,2052.39,0xb7a9108205ed60d6,0.3965660260000732
random-d100-r256-rs21-gs12,14,memx_bounded_trusted,3.9122,1050824,2052.39,0xb7a9108205ed60d6,0.3965660260000732
random-d100-r256-rs21-gs12,14,memx_bounded_branchless,5.1899,1050832,2052.41,0xb7a9108205ed60d6,0.3965660260000732
random-d100-r256-rs21-gs12,14,memx_overlay_checked,5.6992,1050824,2052.39,0xb7a9108205ed60d6,0.3965660260000732
random-d100-r256-rs21-gs12,14,memx_overlay_trusted,3.5354,1050824,2052.39,0xb7a9108205ed60d6,0.3965660260000732
random-d100-r256-rs21-gs12,14,memx_sparse,6.4761,1245384,2432.39,0xb7a9108205ed60d6,0.3965660260000732
random-d100-r256-rs21-gs12,14,memx_flat_fallback,3.1403,1048776,2048.39,0xb7a9108205ed60d6,0.3965660260000732
